"http://www.forbes.com/companies/fortum/","http://dbpedia.org/resource/Fortum","1.0"
"http://www.forbes.com/companies/stmicroelectronics/","http://dbpedia.org/resource/STMicroelectronics","1.0"
"http://www.forbes.com/companies/cheung-kong-holdings/","http://dbpedia.org/resource/Cheung_Kong_Infrastructure_Holdings","0.75"
"http://www.forbes.com/companies/china-life-insurance-taiwan/","http://dbpedia.org/resource/China_Life_Insurance_Company_(Taiwan)","0.8"
"http://www.forbes.com/companies/seagate-technology/","http://dbpedia.org/resource/Seagate_Technology","1.0"
"http://www.forbes.com/companies/phoenix-group-holdings/","http://dbpedia.org/resource/BTS_Group_Holdings","0.5"
"http://www.forbes.com/companies/solvay/","http://dbpedia.org/resource/Solvay_Indupa","0.5"
"http://www.forbes.com/companies/weir-group/","http://dbpedia.org/resource/Weir_Group","1.0"
"http://www.forbes.com/companies/erste-group-bank/","http://dbpedia.org/resource/Metropolitan_Bank_Group","0.5"
"http://www.forbes.com/companies/chang-hwa-bank/","http://dbpedia.org/resource/Chang_Hwa_Bank","1.0"
"http://www.forbes.com/companies/china-resources-power/","http://dbpedia.org/resource/China_Resources_Cement","0.5"
"http://www.forbes.com/companies/lg-uplus/","http://dbpedia.org/resource/LG_Uplus","1.0"
"http://www.forbes.com/companies/dentsu/","http://dbpedia.org/resource/Dentsu","1.0"
"http://www.forbes.com/companies/indian-overseas-bank/","http://dbpedia.org/resource/United_Overseas_Bank","0.5"
"http://www.forbes.com/companies/yamada-denki/","http://dbpedia.org/resource/Yamada_Denki","1.0"
"http://www.forbes.com/companies/inter-rao/","http://dbpedia.org/resource/Inter_RAO","1.0"
"http://www.forbes.com/companies/china-communications-services/","http://dbpedia.org/resource/China_Communications_Services_Corporation","0.75"
"http://www.forbes.com/companies/hopson-development/","http://dbpedia.org/resource/Hopson_Development","0.6666666666666666"
"http://www.forbes.com/companies/woodside-petroleum/","http://dbpedia.org/resource/Woodside_Petroleum","1.0"
"http://www.forbes.com/companies/sandisk/","http://dbpedia.org/resource/SanDisk","1.0"
"http://www.forbes.com/companies/suning-appliance/","http://dbpedia.org/resource/Suning_Appliance","1.0"
"http://www.forbes.com/companies/bae-systems/","http://dbpedia.org/resource/BAE_Systems_Australia","0.6666666666666666"
"http://www.forbes.com/companies/hartford-financial-services/","http://dbpedia.org/resource/PNC_Financial_Services","0.5"
"http://www.forbes.com/companies/sinopharm-group/","http://dbpedia.org/resource/Sinopharm","0.5"
"http://www.forbes.com/companies/aareal-bank/","http://dbpedia.org/resource/Aareal_Bank","1.0"
"http://www.forbes.com/companies/tokyo-electron/","http://dbpedia.org/resource/Tokyo_Electron","1.0"
"http://www.forbes.com/companies/qualcomm/","http://dbpedia.org/resource/Qualcomm","1.0"
"http://www.forbes.com/companies/quest-diagnostics/","http://dbpedia.org/resource/Quest_Diagnostics","1.0"
"http://www.forbes.com/companies/reliance-industries/","http://dbpedia.org/resource/Reliance_Industries","1.0"
"http://www.forbes.com/companies/coca-cola-enterprises/","http://dbpedia.org/resource/Coca-Cola_Amatil","0.5"
"http://www.forbes.com/companies/zurich-insurance-group/","http://dbpedia.org/resource/Arbella_Insurance_Group","0.5"
"http://www.forbes.com/companies/china-oilfield-service/","http://dbpedia.org/resource/China_Oilfield_Services","1.0"
"http://www.forbes.com/companies/polyus-gold-international/","http://dbpedia.org/resource/Gold_Horse_International","0.5"
"http://www.forbes.com/companies/uni-president/","http://dbpedia.org/resource/Uni-President_China","0.6666666666666666"
"http://www.forbes.com/companies/bank-leumi/","http://dbpedia.org/resource/Bank_Leumi","1.0"
"http://www.forbes.com/companies/nanto-bank/","http://dbpedia.org/resource/Nanto_Bank","1.0"
"http://www.forbes.com/companies/mitsubishi-ufj-financial/","http://dbpedia.org/resource/Mitsubishi_UFJ_Financial_Group","0.75"
"http://www.forbes.com/companies/cincinnati-financial/","http://dbpedia.org/resource/Cincinnati_Financial","1.0"
"http://www.forbes.com/companies/encana/","http://dbpedia.org/resource/Encana","1.0"
"http://www.forbes.com/companies/foot-locker/","http://dbpedia.org/resource/Foot_Locker","1.0"
"http://www.forbes.com/companies/bank-of-queensland/","http://dbpedia.org/resource/Bank_of_Beijing","0.5"
"http://www.forbes.com/companies/posco/","http://dbpedia.org/resource/POSCO_India","0.5"
"http://www.forbes.com/companies/hollyfrontier/","http://dbpedia.org/resource/HollyFrontier","1.0"
"http://www.forbes.com/companies/cnooc/","http://dbpedia.org/resource/CNOOC_Limited","0.5"
"http://www.forbes.com/companies/vodafone/","http://dbpedia.org/resource/Vodafone_Egypt","0.5"
"http://www.forbes.com/companies/china-life-insurance/","http://dbpedia.org/resource/China_Life_Insurance_Company","0.75"
"http://www.forbes.com/companies/boe-technology-group/","http://dbpedia.org/resource/Aviation_Technology_Group","0.5"
"http://www.forbes.com/companies/interactive-brokers-group/","http://dbpedia.org/resource/Interactive_Brokers","0.6666666666666666"
"http://www.forbes.com/companies/union-national-bank/","http://dbpedia.org/resource/Union_National_Bank","1.0"
"http://www.forbes.com/companies/aberdeen-asset-management/","http://dbpedia.org/resource/Brookfield_Asset_Management","0.5"
"http://www.forbes.com/companies/masco/","http://dbpedia.org/resource/Masco","1.0"
"http://www.forbes.com/companies/mitsubishi-electric/","http://dbpedia.org/resource/Mitsubishi_Electric_United_States","0.5"
"http://www.forbes.com/companies/xerox/","http://dbpedia.org/resource/Xerox_DocuShare","0.5"
"http://www.forbes.com/companies/united-continental-holdings/","http://dbpedia.org/resource/United_Continental_Holdings","1.0"
"http://www.forbes.com/companies/sempra-energy/","http://dbpedia.org/resource/Sempra_Energy","1.0"
"http://www.forbes.com/companies/hyundai-mobis/","http://dbpedia.org/resource/Hyundai_Mobis","1.0"
"http://www.forbes.com/companies/marsh-mclennan/","http://dbpedia.org/resource/Marsh_&_McLennan_Companies","0.6666666666666666"
"http://www.forbes.com/companies/petrovietnam-gas/","http://dbpedia.org/resource/Petrovietnam","0.5"
"http://www.forbes.com/companies/petronas-gas/","http://dbpedia.org/resource/Petronas","0.5"
"http://www.forbes.com/companies/fosun-international/","http://dbpedia.org/resource/Fosun_International_Limited","0.6666666666666666"
"http://www.forbes.com/companies/centurylink/","http://dbpedia.org/resource/CenturyLink","1.0"
"http://www.forbes.com/companies/sunac-china-holdings/","http://dbpedia.org/resource/Sunac_China","0.6666666666666666"
"http://www.forbes.com/companies/illumina/","http://dbpedia.org/resource/Illumina_(company)","0.5"
"http://www.forbes.com/companies/citic-pacific/","http://dbpedia.org/resource/CITIC_Pacific","1.0"
"http://www.forbes.com/companies/continental/","http://dbpedia.org/resource/Continental_Hotels","0.5"
"http://www.forbes.com/companies/doosan-heavy-industries/","http://dbpedia.org/resource/Heavy_Industries_Taxila","0.5"
"http://www.forbes.com/companies/colruyt/","http://dbpedia.org/resource/Colruyt_(supermarket)","0.5"
"http://www.forbes.com/companies/otp-bank/","http://dbpedia.org/resource/OTP_Bank","1.0"
"http://www.forbes.com/companies/agricultural-bank-of-china/","http://dbpedia.org/resource/Bank_of_China","0.75"
"http://www.forbes.com/companies/hebei-iron-steel/","http://dbpedia.org/resource/Hebei_Iron_and_Steel","0.75"
"http://www.forbes.com/companies/qatar-islamic-bank/","http://dbpedia.org/resource/Dubai_Islamic_Bank","0.5"
"http://www.forbes.com/companies/yuanta-financial-holding/","http://dbpedia.org/resource/Financial_Street_Holding","0.5"
"http://www.forbes.com/companies/sap/","http://dbpedia.org/resource/SAP_AG","0.5"
"http://www.forbes.com/companies/almarai/","http://dbpedia.org/resource/Almarai","1.0"
"http://www.forbes.com/companies/huaneng-power-international/","http://dbpedia.org/resource/Huaneng_Power_International","1.0"
"http://www.forbes.com/companies/marathon-oil/","http://dbpedia.org/resource/Marathon_Oil","1.0"
"http://www.forbes.com/companies/itv/","http://dbpedia.org/resource/ITV_Weather","0.5"
"http://www.forbes.com/companies/siam-cement/","http://dbpedia.org/resource/Siam_Cement","1.0"
"http://www.forbes.com/companies/coloplast/","http://dbpedia.org/resource/Coloplast","1.0"
"http://www.forbes.com/companies/sinohydro-group/","http://dbpedia.org/resource/Sinohydro","0.5"
"http://www.forbes.com/companies/sany-heavy-industry/","http://dbpedia.org/resource/Shandong_Heavy_Industry","0.5"
"http://www.forbes.com/companies/american-airlines-group/","http://dbpedia.org/resource/American_Airlines_Group","1.0"
"http://www.forbes.com/companies/bank-of-greece/","http://dbpedia.org/resource/Bank_of_Beijing","0.5"
"http://www.forbes.com/companies/cabot-oil-gas/","http://dbpedia.org/resource/Cabot_Oil_&_Gas","1.0"
"http://www.forbes.com/companies/samba-financial-group/","http://dbpedia.org/resource/Automotive_Financial_Group","0.5"
"http://www.forbes.com/companies/savola-group/","http://dbpedia.org/resource/The_Savola_Group","0.6666666666666666"
"http://www.forbes.com/companies/wabco-holdings/","http://dbpedia.org/resource/WABCO_Holdings,_Inc.","0.6666666666666666"
"http://www.forbes.com/companies/tokyo-electric-power/","http://dbpedia.org/resource/Tokyo_Electric_Power_Company","0.75"
"http://www.forbes.com/companies/shinhan-financial-group/","http://dbpedia.org/resource/Automotive_Financial_Group","0.5"
"http://www.forbes.com/companies/nextera-energy/","http://dbpedia.org/resource/NextEra_Energy","1.0"
"http://www.forbes.com/companies/hm/","http://dbpedia.org/resource/H&M","1.0"
"http://www.forbes.com/companies/cc-media-holdings/","http://dbpedia.org/resource/Crown_Media_Holdings","0.5"
"http://www.forbes.com/companies/banque-centrale-populaire/","http://dbpedia.org/resource/Groupe_Banque_Populaire","0.5"
"http://www.forbes.com/companies/vienna-insurance-group/","http://dbpedia.org/resource/Arbella_Insurance_Group","0.5"
"http://www.forbes.com/companies/motor-oil/","http://dbpedia.org/resource/Motor_Oil_Hellas","0.6666666666666666"
"http://www.forbes.com/companies/prudential-financial/","http://dbpedia.org/resource/Prudential_Financial","1.0"
"http://www.forbes.com/companies/inotera-memories/","http://dbpedia.org/resource/Inotera","0.5"
"http://www.forbes.com/companies/siemens/","http://dbpedia.org/resource/BenQ-Siemens","0.5"
"http://www.forbes.com/companies/grasim-industries/","http://dbpedia.org/resource/Grasim_Industries","1.0"
"http://www.forbes.com/companies/china-everbright-bank/","http://dbpedia.org/resource/Bank_of_China","0.5"
"http://www.forbes.com/companies/insurance-australia-group/","http://dbpedia.org/resource/Arbella_Insurance_Group","0.5"
"http://www.forbes.com/companies/e-mart/","http://dbpedia.org/resource/E-mart","1.0"
"http://www.forbes.com/companies/rosneft/","http://dbpedia.org/resource/Rosneft","1.0"
"http://www.forbes.com/companies/toshiba/","http://dbpedia.org/resource/Toshiba","1.0"
"http://www.forbes.com/companies/lanxess/","http://dbpedia.org/resource/Lanxess","1.0"
"http://www.forbes.com/companies/visa/","http://dbpedia.org/resource/Visa_Europe","0.5"
"http://www.forbes.com/companies/ford-motor/","http://dbpedia.org/resource/Ford_Motor_Company_Philippines","0.5"
"http://www.forbes.com/companies/bank-of-nagoya/","http://dbpedia.org/resource/Bank_of_Beijing","0.5"
"http://www.forbes.com/companies/exelon/","http://dbpedia.org/resource/Exelon","1.0"
"http://www.forbes.com/companies/north-pacific-bank/","http://dbpedia.org/resource/North_Pacific_Yachts","0.5"
"http://www.forbes.com/companies/mapfre/","http://dbpedia.org/resource/Mapfre","0.5"
"http://www.forbes.com/companies/edf/","http://dbpedia.org/resource/EDF_Incorporated","0.5"
"http://www.forbes.com/companies/direct-line-insurance/","http://dbpedia.org/resource/Direct_Line","0.6666666666666666"
"http://www.forbes.com/companies/unibail-rodamco/","http://dbpedia.org/resource/Unibail-Rodamco","1.0"
"http://www.forbes.com/companies/oil-natural-gas/","http://dbpedia.org/resource/Cabot_Oil_&_Gas","0.5"
"http://www.forbes.com/companies/wendel/","http://dbpedia.org/resource/Wendel_(group)","0.5"
"http://www.forbes.com/companies/haitong-securities/","http://dbpedia.org/resource/Haitong_Securities","1.0"
"http://www.forbes.com/companies/new-world-development/","http://dbpedia.org/resource/New_World_Development","1.0"
"http://www.forbes.com/companies/shiseido/","http://dbpedia.org/resource/Shiseido","1.0"
"http://www.forbes.com/companies/aeroports-de-paris/","http://dbpedia.org/resource/Aeroports_de_Catalunya","0.5"
"http://www.forbes.com/companies/westpac-banking/","http://dbpedia.org/resource/Dubai_Banking_Group","0.5"
"http://www.forbes.com/companies/wing-hang-bank/","http://dbpedia.org/resource/Wing_Lung_Bank","0.5"
"http://www.forbes.com/companies/china-yangtze-power/","http://dbpedia.org/resource/China_Yangtze_Power","1.0"
"http://www.forbes.com/companies/arab-national-bank/","http://dbpedia.org/resource/Mars_National_Bank","0.5"
"http://www.forbes.com/companies/great-wall-technology/","http://dbpedia.org/resource/Great_Wall_Motors","0.5"
"http://www.forbes.com/companies/waters/","http://dbpedia.org/resource/Naya_Waters","0.5"
"http://www.forbes.com/companies/woolworths/","http://dbpedia.org/resource/Caltex_Woolworths","0.5"
"http://www.forbes.com/companies/tenaris/","http://dbpedia.org/resource/Tenaris","1.0"
"http://www.forbes.com/companies/ppl/","http://dbpedia.org/resource/PPL_(utility)","0.5"
"http://www.forbes.com/companies/hyundai-motor/","http://dbpedia.org/resource/Hyundai_Motor_America","0.6666666666666666"
"http://www.forbes.com/companies/gree-electric-appliances/","http://dbpedia.org/resource/Gree_Electric","0.6666666666666666"
"http://www.forbes.com/companies/jacobs-engineering/","http://dbpedia.org/resource/Jacobs_Engineering_Group","0.6666666666666666"
"http://www.forbes.com/companies/cummins/","http://dbpedia.org/resource/Cummins-W%C3%A4rtsil%C3%A4","0.5"
"http://www.forbes.com/companies/aurubis/","http://dbpedia.org/resource/Aurubis","1.0"
"http://www.forbes.com/companies/sumitomo-mitsui-financial/","http://dbpedia.org/resource/Sumitomo_Mitsui_Financial_Group","0.75"
"http://www.forbes.com/companies/societe-generale/","http://dbpedia.org/resource/Soci%C3%A9t%C3%A9_G%C3%A9n%C3%A9rale_Srbija","0.6666666666666666"
"http://www.forbes.com/companies/emc/","http://dbpedia.org/resource/EMC_Corporation","0.5"
"http://www.forbes.com/companies/walt-disney/","http://dbpedia.org/resource/Walt_Disney_Animation_Studios","0.5"
"http://www.forbes.com/companies/qbe-insurance-group/","http://dbpedia.org/resource/Arbella_Insurance_Group","0.5"
"http://www.forbes.com/companies/belle-international-holdings/","http://dbpedia.org/resource/COSCO_International_Holdings","0.5"
"http://www.forbes.com/companies/delhaize-group/","http://dbpedia.org/resource/Louis_Delhaize_Group","0.6666666666666666"
"http://www.forbes.com/companies/piraeus-bank/","http://dbpedia.org/resource/Piraeus_Bank","1.0"
"http://www.forbes.com/companies/mitsubishi-ufj-lease/","http://dbpedia.org/resource/Mitsubishi_UFJ_NICOS","0.5"
"http://www.forbes.com/companies/dish-network/","http://dbpedia.org/resource/Dish_Network","1.0"
"http://www.forbes.com/companies/ecopetrol/","http://dbpedia.org/resource/Ecopetrol","1.0"
"http://www.forbes.com/companies/hitachi/","http://dbpedia.org/resource/Hitachi","1.0"
"http://www.forbes.com/companies/dubai-islamic-bank/","http://dbpedia.org/resource/Dubai_Islamic_Bank","1.0"
"http://www.forbes.com/companies/stanley-black-decker/","http://dbpedia.org/resource/Black_&_Decker","0.6666666666666666"
"http://www.forbes.com/companies/bmw-group/","http://dbpedia.org/resource/BMW","0.5"
"http://www.forbes.com/companies/telenor/","http://dbpedia.org/resource/Telenor_Serbia","0.5"
"http://www.forbes.com/companies/trw-automotive-holdings/","http://dbpedia.org/resource/TRW_Automotive","0.6666666666666666"
"http://www.forbes.com/companies/daimler/","http://dbpedia.org/resource/Austro-Daimler","0.5"
"http://www.forbes.com/companies/punjab-national-bank/","http://dbpedia.org/resource/Mars_National_Bank","0.5"
"http://www.forbes.com/companies/metropolitan-bank-trust/","http://dbpedia.org/resource/Metropolitan_Bank_Group","0.5"
"http://www.forbes.com/companies/sodexo/","http://dbpedia.org/resource/Sodexo","1.0"
"http://www.forbes.com/companies/national-bank-of-kuwait/","http://dbpedia.org/resource/National_Bank_of_Bahrain","0.6"
"http://www.forbes.com/companies/shui-on-land/","http://dbpedia.org/resource/Shui_On_Land","1.0"
"http://www.forbes.com/companies/samsung-life-insurance/","http://dbpedia.org/resource/Hanwha_Life_Insurance","0.5"
"http://www.forbes.com/companies/alfa/","http://dbpedia.org/resource/ALFA_(Mexico)","0.5"
"http://www.forbes.com/companies/sca/","http://dbpedia.org/resource/Altarea_SCA","0.5"
"http://www.forbes.com/companies/petronas-dagangan/","http://dbpedia.org/resource/Petronas","0.5"
"http://www.forbes.com/companies/novatek/","http://dbpedia.org/resource/Novatek","1.0"
"http://www.forbes.com/companies/axis-capital-holdings/","http://dbpedia.org/resource/Olympia_Capital_Holdings","0.5"
"http://www.forbes.com/companies/krung-thai-bank/","http://dbpedia.org/resource/Krung_Thai_Bank","1.0"
"http://www.forbes.com/companies/alinma-bank/","http://dbpedia.org/resource/Alinma_Bank","1.0"
"http://www.forbes.com/companies/loreal-group/","http://dbpedia.org/resource/L'Or%C3%A9al","0.6666666666666666"
"http://www.forbes.com/companies/citrix-systems/","http://dbpedia.org/resource/Citrix_Systems","1.0"
"http://www.forbes.com/companies/american-financial-group/","http://dbpedia.org/resource/American_Airlines_Group","0.5"
"http://www.forbes.com/companies/toyota-motor/","http://dbpedia.org/resource/Toyota_Motor_Manufacturing_Alabama","0.5"
"http://www.forbes.com/companies/health-care-reit/","http://dbpedia.org/resource/CORE_Health_Care","0.5"
"http://www.forbes.com/companies/sistema/","http://dbpedia.org/resource/Sistema","1.0"
"http://www.forbes.com/companies/hutchison-whampoa/","http://dbpedia.org/resource/Hutchison_Whampoa_Property","0.6666666666666666"
"http://www.forbes.com/companies/beam/","http://dbpedia.org/resource/Beam_Inc.","0.5"
"http://www.forbes.com/companies/saic-motor/","http://dbpedia.org/resource/SAIC_Motor","1.0"
"http://www.forbes.com/companies/china-state-construction/","http://dbpedia.org/resource/China_State_Construction_Engineering","0.75"
"http://www.forbes.com/companies/china-railway-group/","http://dbpedia.org/resource/China_Huaneng_Group","0.5"
"http://www.forbes.com/companies/pou-chen/","http://dbpedia.org/resource/Pou_Chen_Corporation","0.6666666666666666"
"http://www.forbes.com/companies/caesars-entertainment/","http://dbpedia.org/resource/Caesars_Entertainment,_Inc.","0.6666666666666666"
"http://www.forbes.com/companies/schlumberger/","http://dbpedia.org/resource/Schlumberger","1.0"
"http://www.forbes.com/companies/aspen-pharmacare-holdings/","http://dbpedia.org/resource/Aspen_Pharmacare","0.6666666666666666"
"http://www.forbes.com/companies/nomos-bank/","http://dbpedia.org/resource/NOMOS-BANK","1.0"
"http://www.forbes.com/companies/abu-dhabi-commercial/","http://dbpedia.org/resource/Abu_Dhabi_Commercial_Bank","1.0"
"http://www.forbes.com/companies/fmc/","http://dbpedia.org/resource/FMC_Corporation","0.5"
"http://www.forbes.com/companies/tractor-supply/","http://dbpedia.org/resource/Tractor_Supply_Company","0.6666666666666666"
"http://www.forbes.com/companies/kroger/","http://dbpedia.org/resource/Kroger","1.0"
"http://www.forbes.com/companies/korea-electric-power/","http://dbpedia.org/resource/Korea_Electric_Power_Corporation","0.75"
"http://www.forbes.com/companies/inventec/","http://dbpedia.org/resource/Inventec","1.0"
"http://www.forbes.com/companies/vimpelcom/","http://dbpedia.org/resource/OJSC_VimpelCom","0.5"
"http://www.forbes.com/companies/costco-wholesale/","http://dbpedia.org/resource/Costco","0.5"
"http://www.forbes.com/companies/alliance-global-group/","http://dbpedia.org/resource/Grey_Global_Group","0.5"
"http://www.forbes.com/companies/coach/","http://dbpedia.org/resource/Yaxing_Coach","0.5"
"http://www.forbes.com/companies/china-cosco-holdings/","http://dbpedia.org/resource/China_COSCO","0.6666666666666666"
"http://www.forbes.com/companies/grupo-argos/","http://dbpedia.org/resource/Grupo_Argos","1.0"
"http://www.forbes.com/companies/toho-holdings/","http://dbpedia.org/resource/Toho","0.5"
"http://www.forbes.com/companies/banco-de-sabadell/","http://dbpedia.org/resource/Banco_de_Bogot%C3%A1","0.5"
"http://www.forbes.com/companies/alpha-bank/","http://dbpedia.org/resource/Alpha_Bank","1.0"
"http://www.forbes.com/companies/adidas/","http://dbpedia.org/resource/TaylorMade-Adidas","0.5"
"http://www.forbes.com/companies/sears-holdings/","http://dbpedia.org/resource/Sears","0.5"
"http://www.forbes.com/companies/viacom/","http://dbpedia.org/resource/Viacom_(original)","0.5"
"http://www.forbes.com/companies/bridgestone/","http://dbpedia.org/resource/Bridgestone_Golf","0.5"
"http://www.forbes.com/companies/svb-financial-group/","http://dbpedia.org/resource/Automotive_Financial_Group","0.5"
"http://www.forbes.com/companies/bank-of-montreal/","http://dbpedia.org/resource/Bank_of_Beijing","0.5"
"http://www.forbes.com/companies/smiths-group/","http://dbpedia.org/resource/Smiths_Group","1.0"
"http://www.forbes.com/companies/cimb-group-holdings/","http://dbpedia.org/resource/BTS_Group_Holdings","0.5"
"http://www.forbes.com/companies/fresenius/","http://dbpedia.org/resource/Fresenius_(company)","0.5"
"http://www.forbes.com/companies/ppg-industries/","http://dbpedia.org/resource/PPG_Industries","1.0"
"http://www.forbes.com/companies/petro-rabigh/","http://dbpedia.org/resource/Petro_Rabigh","1.0"
"http://www.forbes.com/companies/sumitomo-mitsui-trust/","http://dbpedia.org/resource/Sumitomo_Mitsui_Trust_Holdings","0.75"
"http://www.forbes.com/companies/acer/","http://dbpedia.org/resource/Acer_Inc.","0.5"
"http://www.forbes.com/companies/china-merchants-bank/","http://dbpedia.org/resource/China_Merchants_Bank","1.0"
"http://www.forbes.com/companies/norilsk-nickel/","http://dbpedia.org/resource/Norilsk_Nickel","1.0"
"http://www.forbes.com/companies/kone/","http://dbpedia.org/resource/Kone","1.0"
"http://www.forbes.com/companies/royal-bank-of-canada/","http://dbpedia.org/resource/Laurentian_Bank_of_Canada","0.6"
"http://www.forbes.com/companies/travis-perkins/","http://dbpedia.org/resource/Travis_Perkins","1.0"
"http://www.forbes.com/companies/level-3-communications/","http://dbpedia.org/resource/L-3_Communications","0.5"
"http://www.forbes.com/companies/kawasaki-heavy-industries/","http://dbpedia.org/resource/Heavy_Industries_Taxila","0.5"
"http://www.forbes.com/companies/chubb/","http://dbpedia.org/resource/Chubb_Fire","0.5"
"http://www.forbes.com/companies/hang-lung-group/","http://dbpedia.org/resource/Hang_Lung_Properties","0.5"
"http://www.forbes.com/companies/pgnig-group/","http://dbpedia.org/resource/PGNiG","0.5"
"http://www.forbes.com/companies/principal-financial-group/","http://dbpedia.org/resource/Automotive_Financial_Group","0.5"
"http://www.forbes.com/companies/seb/","http://dbpedia.org/resource/Groupe_SEB","0.5"
"http://www.forbes.com/companies/td-bank-group/","http://dbpedia.org/resource/Metropolitan_Bank_Group","0.5"
"http://www.forbes.com/companies/repsol-ypf/","http://dbpedia.org/resource/YPF","0.5"
"http://www.forbes.com/companies/hellenic-petroleum/","http://dbpedia.org/resource/Hellenic_Petroleum","1.0"
"http://www.forbes.com/companies/norfolk-southern/","http://dbpedia.org/resource/Norfolk_Southern_Railway","0.6666666666666666"
"http://www.forbes.com/companies/metro-inc/","http://dbpedia.org/resource/Metro_Inc.","1.0"
"http://www.forbes.com/companies/duke-energy/","http://dbpedia.org/resource/Duke_Energy","1.0"
"http://www.forbes.com/companies/akbank/","http://dbpedia.org/resource/Akbank","1.0"
"http://www.forbes.com/companies/china-agri-industries/","http://dbpedia.org/resource/China_Agri-Industries_Holdings","0.75"
"http://www.forbes.com/companies/financial-street-holdings/","http://dbpedia.org/resource/Financial_Street_Holding","0.5"
"http://www.forbes.com/companies/empire/","http://dbpedia.org/resource/Empire_Interactive","0.5"
"http://www.forbes.com/companies/shanghai-electric-group/","http://dbpedia.org/resource/Shanghai_Electric","0.6666666666666666"
"http://www.forbes.com/companies/freeport-mcmoran-copper/","http://dbpedia.org/resource/Freeport-McMoRan","0.6666666666666666"
"http://www.forbes.com/companies/yuexiu-property/","http://dbpedia.org/resource/Yuexiu_Property","0.6666666666666666"
"http://www.forbes.com/companies/amphenol/","http://dbpedia.org/resource/Amphenol","1.0"
"http://www.forbes.com/companies/standard-bank-group/","http://dbpedia.org/resource/Metropolitan_Bank_Group","0.5"
"http://www.forbes.com/companies/wartsila/","http://dbpedia.org/resource/Cummins-W%C3%A4rtsil%C3%A4","0.5"
"http://www.forbes.com/companies/westfield-group/","http://dbpedia.org/resource/Westfield_Group","1.0"
"http://www.forbes.com/companies/ameriprise-financial/","http://dbpedia.org/resource/Ameriprise_Financial","1.0"
"http://www.forbes.com/companies/east-west-bancorp/","http://dbpedia.org/resource/East_West_Bank","0.5"
"http://www.forbes.com/companies/orient/","http://dbpedia.org/resource/Orient_(automobile)","0.5"
"http://www.forbes.com/companies/general-motors/","http://dbpedia.org/resource/General_Motors_Egypt","0.6666666666666666"
"http://www.forbes.com/companies/manpower/","http://dbpedia.org/resource/Manpower_Inc.","0.5"
"http://www.forbes.com/companies/iberdrola/","http://dbpedia.org/resource/Iberdrola_Renovables","0.5"
"http://www.forbes.com/companies/nordstrom/","http://dbpedia.org/resource/Nordstrom","1.0"
"http://www.forbes.com/companies/eni/","http://dbpedia.org/resource/Eni","1.0"
"http://www.forbes.com/companies/china-international-marine/","http://dbpedia.org/resource/China_International_Marine_Containers","0.75"
"http://www.forbes.com/companies/grupo-bimbo/","http://dbpedia.org/resource/Grupo_Bimbo","1.0"
"http://www.forbes.com/companies/monster-beverage/","http://dbpedia.org/resource/Monster_Beverage","1.0"
"http://www.forbes.com/companies/western-digital/","http://dbpedia.org/resource/Western_Digital","1.0"
"http://www.forbes.com/companies/herbalife/","http://dbpedia.org/resource/Herbalife","1.0"
"http://www.forbes.com/companies/host-hotels-resorts/","http://dbpedia.org/resource/M%C3%B6venpick_Hotels_&_Resorts","0.5"
"http://www.forbes.com/companies/wuhan-iron-steel/","http://dbpedia.org/resource/Wuhan_Iron_and_Steel","0.75"
"http://www.forbes.com/companies/textron/","http://dbpedia.org/resource/Textron_Aviation","0.5"
"http://www.forbes.com/companies/transcanada/","http://dbpedia.org/resource/TransCanada_Corporation","0.5"
"http://www.forbes.com/companies/crown-castle-international/","http://dbpedia.org/resource/Crown_International","0.6666666666666666"
"http://www.forbes.com/companies/kubota/","http://dbpedia.org/resource/Kubota","1.0"
"http://www.forbes.com/companies/bp/","http://dbpedia.org/resource/BP","1.0"
"http://www.forbes.com/companies/apple/","http://dbpedia.org/resource/Apple_Inc.","0.5"
"http://www.forbes.com/companies/aes/","http://dbpedia.org/resource/AES_Eletropaulo","0.5"
"http://www.forbes.com/companies/waste-management/","http://dbpedia.org/resource/Waste_Management,_Inc","0.6666666666666666"
"http://www.forbes.com/companies/meiji-holdings/","http://dbpedia.org/resource/Meiji_Holdings","1.0"
"http://www.forbes.com/companies/mechel/","http://dbpedia.org/resource/Mechel","1.0"
"http://www.forbes.com/companies/huntsman/","http://dbpedia.org/resource/Huntsman_Corporation","0.5"
"http://www.forbes.com/companies/bank-of-yokohama/","http://dbpedia.org/resource/Bank_of_Yokohama","1.0"
"http://www.forbes.com/companies/andritz/","http://dbpedia.org/resource/Andritz_AG","0.5"
"http://www.forbes.com/companies/swisscom/","http://dbpedia.org/resource/Swisscom","1.0"
"http://www.forbes.com/companies/london-stock-exchange/","http://dbpedia.org/resource/Cyprus_Stock_Exchange","0.5"
"http://www.forbes.com/companies/mcgraw-hill-cos/","http://dbpedia.org/resource/Tata_McGraw-Hill","0.5"
"http://www.forbes.com/companies/china-shipbuilding-industry/","http://dbpedia.org/resource/China_Shipbuilding_Industry_Corporation","0.75"
"http://www.forbes.com/companies/pegatron/","http://dbpedia.org/resource/Pegatron","1.0"
"http://www.forbes.com/companies/volkswagen-group/","http://dbpedia.org/resource/Volkswagen_Group","1.0"
"http://www.forbes.com/companies/fukuoka-financial-group/","http://dbpedia.org/resource/Automotive_Financial_Group","0.5"
"http://www.forbes.com/companies/sampo/","http://dbpedia.org/resource/Sampo_Corporation","0.5"
"http://www.forbes.com/companies/renault/","http://dbpedia.org/resource/Renault_Argentina","0.5"
"http://www.forbes.com/companies/edp-energias-de-portugal/","http://dbpedia.org/resource/Energias_de_Portugal","0.75"
"http://www.forbes.com/companies/l-3-communications/","http://dbpedia.org/resource/L-3_Communications","1.0"
"http://www.forbes.com/companies/american-water-works/","http://dbpedia.org/resource/American_States_Water","0.5"
"http://www.forbes.com/companies/barrick-gold/","http://dbpedia.org/resource/Barrick_Gold","1.0"
"http://www.forbes.com/companies/jabil-circuit/","http://dbpedia.org/resource/Jabil_Circuit","1.0"
"http://www.forbes.com/companies/bank-of-chongqing/","http://dbpedia.org/resource/Bank_of_Beijing","0.5"
"http://www.forbes.com/companies/hokuhoku-financial-group/","http://dbpedia.org/resource/Automotive_Financial_Group","0.5"
"http://www.forbes.com/companies/bbmg/","http://dbpedia.org/resource/BBMG","1.0"
"http://www.forbes.com/companies/china-minsheng-banking/","http://dbpedia.org/resource/Minsheng_Banking_Corp","0.5"
"http://www.forbes.com/companies/rushydro/","http://dbpedia.org/resource/RusHydro","1.0"
"http://www.forbes.com/companies/advance-auto-parts/","http://dbpedia.org/resource/KOI_Auto_Parts","0.5"
"http://www.forbes.com/companies/anhui-conch-cement/","http://dbpedia.org/resource/Anhui_Conch_Cement_Company","0.75"
"http://www.forbes.com/companies/csx/","http://dbpedia.org/resource/CSX_Corporation","0.5"
"http://www.forbes.com/companies/dai-ichi-life-insurance/","http://dbpedia.org/resource/Dai-ichi_Life","0.75"
"http://www.forbes.com/companies/hormel-foods/","http://dbpedia.org/resource/Hormel","0.5"
"http://www.forbes.com/companies/banco-do-brasil/","http://dbpedia.org/resource/Banco_do_Brasil","1.0"
"http://www.forbes.com/companies/imperial-tobacco-group/","http://dbpedia.org/resource/Imperial_Tobacco","0.6666666666666666"
"http://www.forbes.com/companies/edison-international/","http://dbpedia.org/resource/Edison_International","1.0"
"http://www.forbes.com/companies/mcdonalds/","http://dbpedia.org/resource/McDonald's_Canada","0.6666666666666666"
"http://www.forbes.com/companies/dgb-financial-group/","http://dbpedia.org/resource/Automotive_Financial_Group","0.5"
"http://www.forbes.com/companies/kb-financial-group/","http://dbpedia.org/resource/Automotive_Financial_Group","0.5"
"http://www.forbes.com/companies/b-e-aerospace/","http://dbpedia.org/resource/B/E_Aerospace","1.0"
"http://www.forbes.com/companies/guangzhou-automobile/","http://dbpedia.org/resource/Guangzhou_Automobile_Group_Bus","0.5"
"http://www.forbes.com/companies/best-buy/","http://dbpedia.org/resource/Best_Buy","1.0"
"http://www.forbes.com/companies/popular/","http://dbpedia.org/resource/Popular_Holdings","0.5"
"http://www.forbes.com/companies/garanti-bank/","http://dbpedia.org/resource/Garanti_Bank","1.0"
"http://www.forbes.com/companies/yum-brands/","http://dbpedia.org/resource/Yum!_Brands","1.0"
"http://www.forbes.com/companies/lyondellbasell-industries/","http://dbpedia.org/resource/LyondellBasell","0.5"
"http://www.forbes.com/companies/wipro/","http://dbpedia.org/resource/Wipro","1.0"
"http://www.forbes.com/companies/china-citic-bank/","http://dbpedia.org/resource/China_CITIC_Bank","1.0"
"http://www.forbes.com/companies/assurant/","http://dbpedia.org/resource/Assurant","1.0"
"http://www.forbes.com/companies/noble/","http://dbpedia.org/resource/Noble_Energy","0.5"
"http://www.forbes.com/companies/hyundai-glovis/","http://dbpedia.org/resource/Hyundai_Glovis","1.0"
"http://www.forbes.com/companies/great-wall-motor/","http://dbpedia.org/resource/Great_Wall_Motors","0.5"
"http://www.forbes.com/companies/banco-davivienda/","http://dbpedia.org/resource/Davivienda","0.5"
"http://www.forbes.com/companies/delta-electronics/","http://dbpedia.org/resource/Delta_Electronics","1.0"
"http://www.forbes.com/companies/xcel-energy/","http://dbpedia.org/resource/Xcel_Energy","1.0"
"http://www.forbes.com/companies/thyssenkrupp-group/","http://dbpedia.org/resource/ThyssenKrupp","0.5"
"http://www.forbes.com/companies/wistron/","http://dbpedia.org/resource/Wistron_Corporation","0.5"
"http://www.forbes.com/companies/micron-technology/","http://dbpedia.org/resource/Micron_Technology","1.0"
"http://www.forbes.com/companies/canadian-natural-resources/","http://dbpedia.org/resource/Pioneer_Natural_Resources","0.5"
"http://www.forbes.com/companies/unilever/","http://dbpedia.org/resource/Unilever_Indonesia","0.5"
"http://www.forbes.com/companies/gd-power-development/","http://dbpedia.org/resource/GD_Power_Development_Company","0.75"
"http://www.forbes.com/companies/hyundai-heavy-industries/","http://dbpedia.org/resource/Heavy_Industries_Taxila","0.5"
"http://www.forbes.com/companies/michelin-group/","http://dbpedia.org/resource/Michelin","0.5"
"http://www.forbes.com/companies/alliance-data-systems/","http://dbpedia.org/resource/Corona_Data_Systems","0.5"
"http://www.forbes.com/companies/mega-financial-holding/","http://dbpedia.org/resource/Financial_Street_Holding","0.5"
"http://www.forbes.com/companies/discover-financial-services/","http://dbpedia.org/resource/PNC_Financial_Services","0.5"
"http://www.forbes.com/companies/annaly-capital-management/","http://dbpedia.org/resource/Hermitage_Capital_Management","0.5"
"http://www.forbes.com/companies/hanjin-shipping/","http://dbpedia.org/resource/Hanjin_Shipping","1.0"
"http://www.forbes.com/companies/byd/","http://dbpedia.org/resource/BYD_Auto","0.5"
"http://www.forbes.com/companies/sun-hung-kai-properties/","http://dbpedia.org/resource/Sun_Hung_Kai_Financial","0.6"
"http://www.forbes.com/companies/israel-discount-bank/","http://dbpedia.org/resource/Israel_Discount_Bank","1.0"
"http://www.forbes.com/companies/hewlett-packard/","http://dbpedia.org/resource/Hewlett-Packard","1.0"
"http://www.forbes.com/companies/samsung-heavy-inds/","http://dbpedia.org/resource/Heavy_Industries_Taxila","0.5"
"http://www.forbes.com/companies/k-plus-s/","http://dbpedia.org/resource/K's_Holdings_Corporation","0.5"
"http://www.forbes.com/companies/abu-dhabi-islamic-bank/","http://dbpedia.org/resource/Abu_Dhabi_Islamic_Bank","1.0"
"http://www.forbes.com/companies/datang-international-power/","http://dbpedia.org/resource/International_Power","0.6666666666666666"
"http://www.forbes.com/companies/andhra-bank/","http://dbpedia.org/resource/Andhra_Pragathi_Grameena_Bank","0.5"
"http://www.forbes.com/companies/bharat-heavy-electricals/","http://dbpedia.org/resource/Bharat_Heavy_Electricals","1.0"
"http://www.forbes.com/companies/vivendi/","http://dbpedia.org/resource/Vivendi","1.0"
"http://www.forbes.com/companies/jarden/","http://dbpedia.org/resource/Jarden","1.0"
"http://www.forbes.com/companies/turkcell/","http://dbpedia.org/resource/Turkcell","1.0"
"http://www.forbes.com/companies/bank-of-kyoto/","http://dbpedia.org/resource/Bank_of_Beijing","0.5"
"http://www.forbes.com/companies/peoples-insurance-company/","http://dbpedia.org/resource/People's_Insurance_Company_of_China","0.6666666666666666"
"http://www.forbes.com/companies/johnson-johnson/","http://dbpedia.org/resource/Iver_Johnson","0.5"
"http://www.forbes.com/companies/china-national-building/","http://dbpedia.org/resource/China_National_Building_Material_Company","0.6"
"http://www.forbes.com/companies/tesoro/","http://dbpedia.org/resource/Tesoro","1.0"
"http://www.forbes.com/companies/sherwin-williams/","http://dbpedia.org/resource/Sherwin-Williams","1.0"
"http://www.forbes.com/companies/netapp/","http://dbpedia.org/resource/NetApp","1.0"
"http://www.forbes.com/companies/ace/","http://dbpedia.org/resource/ACE_Limited","0.5"
"http://www.forbes.com/companies/tongling-nonferrous-metals/","http://dbpedia.org/resource/Tongling_Nonferrous_Metals","1.0"
"http://www.forbes.com/companies/prada/","http://dbpedia.org/resource/Prada","1.0"
"http://www.forbes.com/companies/taisei/","http://dbpedia.org/resource/Taisei_Corporation","0.5"
"http://www.forbes.com/companies/mahindra-mahindra/","http://dbpedia.org/resource/Mahindra_EPC","0.5"
"http://www.forbes.com/companies/china-merchants-property/","http://dbpedia.org/resource/China_Merchants_Property","1.0"
"http://www.forbes.com/companies/dover/","http://dbpedia.org/resource/Dover_Corporation","0.5"
"http://www.forbes.com/companies/toho-bank/","http://dbpedia.org/resource/Toho","0.5"
"http://www.forbes.com/companies/shimao-property-holdings/","http://dbpedia.org/resource/Glorious_Property_Holdings","0.5"
"http://www.forbes.com/companies/tripadvisor/","http://dbpedia.org/resource/TripAdvisor","1.0"
"http://www.forbes.com/companies/nitto-denko/","http://dbpedia.org/resource/Nitto_Denko","1.0"
"http://www.forbes.com/companies/rsa-insurance-group/","http://dbpedia.org/resource/Arbella_Insurance_Group","0.5"
"http://www.forbes.com/companies/bank-of-china/","http://dbpedia.org/resource/Bank_of_China","1.0"
"http://www.forbes.com/companies/telefonica/","http://dbpedia.org/resource/Telef%C3%B3nica","1.0"
"http://www.forbes.com/companies/telus/","http://dbpedia.org/resource/Telus_TV","0.5"
"http://www.forbes.com/companies/verisign/","http://dbpedia.org/resource/Verisign","1.0"
"http://www.forbes.com/companies/tencent-holdings/","http://dbpedia.org/resource/Tencent","0.5"
"http://www.forbes.com/companies/hengan-international-group/","http://dbpedia.org/resource/Hengan_International","0.6666666666666666"
"http://www.forbes.com/companies/sumitomo-chemical/","http://dbpedia.org/resource/Sumitomo_Chemical","1.0"
"http://www.forbes.com/companies/frontier-communications/","http://dbpedia.org/resource/Frontier_Communications","1.0"
"http://www.forbes.com/companies/noble-energy/","http://dbpedia.org/resource/Noble_Energy","1.0"
"http://www.forbes.com/companies/clariant/","http://dbpedia.org/resource/Clariant","1.0"
"http://www.forbes.com/companies/uny-group-holdings/","http://dbpedia.org/resource/BTS_Group_Holdings","0.5"
"http://www.forbes.com/companies/ball/","http://dbpedia.org/resource/Uni-ball","0.5"
"http://www.forbes.com/companies/sinopec-engineering-group/","http://dbpedia.org/resource/FSE_Engineering_Group","0.5"
"http://www.forbes.com/companies/thomas-cook-group/","http://dbpedia.org/resource/Thomas_Properties_Group","0.5"
"http://www.forbes.com/companies/kaisa-group-holdings/","http://dbpedia.org/resource/BTS_Group_Holdings","0.5"
"http://www.forbes.com/companies/infosys/","http://dbpedia.org/resource/Infosys","1.0"
"http://www.forbes.com/companies/stockland-australia/","http://dbpedia.org/resource/Stockland","0.5"
"http://www.forbes.com/companies/renesas-electronics/","http://dbpedia.org/resource/Renesas_Electronics","1.0"
"http://www.forbes.com/companies/guangdong-investment/","http://dbpedia.org/resource/Guangdong_Investment","1.0"
"http://www.forbes.com/companies/agile-property-holdings/","http://dbpedia.org/resource/Agile_Property","0.6666666666666666"
"http://www.forbes.com/companies/national-bank-of-abu-dhabi/","http://dbpedia.org/resource/Abu_Dhabi_Commercial_Bank","0.5"
"http://www.forbes.com/companies/china-resources-enterprise/","http://dbpedia.org/resource/China_Resources_Enterprise","1.0"
"http://www.forbes.com/companies/bank-of-iwate/","http://dbpedia.org/resource/Bank_of_Beijing","0.5"
"http://www.forbes.com/companies/bank-of-beijing/","http://dbpedia.org/resource/Bank_of_Beijing","1.0"
"http://www.forbes.com/companies/zenith-bank/","http://dbpedia.org/resource/Zenith_Bank","1.0"
"http://www.forbes.com/companies/towers-watson/","http://dbpedia.org/resource/Towers_Watson","0.6666666666666666"
"http://www.forbes.com/companies/guangzhou-rf/","http://dbpedia.org/resource/R&F_Properties","0.5"
"http://www.forbes.com/companies/ahli-united-bank/","http://dbpedia.org/resource/United_Overseas_Bank","0.5"
"http://www.forbes.com/companies/bayer/","http://dbpedia.org/resource/Bayer_Corporation","0.5"
"http://www.forbes.com/companies/tokyo-gas/","http://dbpedia.org/resource/Tokyo_Gas","1.0"
"http://www.forbes.com/companies/shaanxi-coal-industry/","http://dbpedia.org/resource/Shaanxi_Coal_and_Chemical_Industry","0.6"
"http://www.forbes.com/companies/national-bank-of-canada/","http://dbpedia.org/resource/Laurentian_Bank_of_Canada","0.6"
"http://www.forbes.com/companies/china-merchants-securities/","http://dbpedia.org/resource/China_Merchants_Bank","0.5"
"http://www.forbes.com/companies/dai-nippon-printing/","http://dbpedia.org/resource/Dai_Nippon_Printing","1.0"
"http://www.forbes.com/companies/taqa/","http://dbpedia.org/resource/TAQA","1.0"
"http://www.forbes.com/companies/beijing-enterprises/","http://dbpedia.org/resource/Beijing_Enterprises","1.0"
"http://www.forbes.com/companies/mitsubishi-heavy-industries/","http://dbpedia.org/resource/Heavy_Industries_Taxila","0.5"
"http://www.forbes.com/companies/yahoo/","http://dbpedia.org/resource/Yahoo!_HotJobs","0.5"
"http://www.forbes.com/companies/coca-cola-hbc/","http://dbpedia.org/resource/Coca-Cola_Amatil","0.5"
"http://www.forbes.com/companies/maxis/","http://dbpedia.org/resource/Maxis","1.0"
"http://www.forbes.com/companies/brookfield-asset-management/","http://dbpedia.org/resource/Brookfield_Asset_Management","1.0"
"http://www.forbes.com/companies/fuji-heavy-industries/","http://dbpedia.org/resource/Heavy_Industries_Taxila","0.5"
"http://www.forbes.com/companies/yanzhou-coal-mining/","http://dbpedia.org/resource/Yanzhou_Coal_Mining_Company","0.75"
"http://www.forbes.com/companies/oshkosh/","http://dbpedia.org/resource/Oshkosh_Corporation","0.5"
"http://www.forbes.com/companies/wells-fargo/","http://dbpedia.org/resource/Wells_Fargo","1.0"
"http://www.forbes.com/companies/lafarge/","http://dbpedia.org/resource/Lafarge_Tarmac","0.5"
"http://www.forbes.com/companies/anheuser-busch-inbev/","http://dbpedia.org/resource/Anheuser-Busch","0.6666666666666666"
"http://www.forbes.com/companies/bouygues/","http://dbpedia.org/resource/Bouygues","1.0"
"http://www.forbes.com/companies/maanshan-iron-steel/","http://dbpedia.org/resource/Maanshan_Iron_and_Steel_Company","0.6"
"http://www.forbes.com/companies/tauron-group/","http://dbpedia.org/resource/Tauron_Group","1.0"
"http://www.forbes.com/companies/community-health-sys/","http://dbpedia.org/resource/Community_Health_Systems","0.5"
"http://www.forbes.com/companies/bangkok-bank/","http://dbpedia.org/resource/Bangkok_Bank","1.0"
"http://www.forbes.com/companies/china-resources-land/","http://dbpedia.org/resource/China_Resources_Land","1.0"
"http://www.forbes.com/companies/lukoil/","http://dbpedia.org/resource/Lukoil","1.0"
"http://www.forbes.com/companies/pkn-orlen/","http://dbpedia.org/resource/PKN_Orlen","1.0"
"http://www.forbes.com/companies/pnc-financial-services/","http://dbpedia.org/resource/PNC_Financial_Services","1.0"
"http://www.forbes.com/companies/huadian-power-international/","http://dbpedia.org/resource/Huadian_Power_International","1.0"
"http://www.forbes.com/companies/evergrande-real-estate/","http://dbpedia.org/resource/Evergrande_Real_Estate_Group","0.75"
"http://www.forbes.com/companies/inditex/","http://dbpedia.org/resource/Inditex","1.0"
"http://www.forbes.com/companies/cliffs-natural-resources/","http://dbpedia.org/resource/Pioneer_Natural_Resources","0.5"
"http://www.forbes.com/companies/brunswick/","http://dbpedia.org/resource/Brunswick_Corporation","0.5"
"http://www.forbes.com/companies/china-mobile/","http://dbpedia.org/resource/China_Mobile","1.0"
"http://www.forbes.com/companies/jiangxi-copper/","http://dbpedia.org/resource/Jiangxi_Copper","1.0"
"http://www.forbes.com/companies/kotak-mahindra-bank/","http://dbpedia.org/resource/Kotak_Mahindra_Bank","1.0"
"http://www.forbes.com/companies/poly-real-estate/","http://dbpedia.org/resource/Poly_Real_Estate","1.0"
"http://www.forbes.com/companies/shanghai-international-port/","http://dbpedia.org/resource/Shanghai_International_Port_(Group)","0.75"
"http://www.forbes.com/companies/swatch-group/","http://dbpedia.org/resource/The_Swatch_Group","0.6666666666666666"
"http://www.forbes.com/companies/lloyds-banking-group/","http://dbpedia.org/resource/Dubai_Banking_Group","0.5"
"http://www.forbes.com/companies/larsen-toubro/","http://dbpedia.org/resource/Larsen_&_Toubro","1.0"
"http://www.forbes.com/companies/arch-capital-group/","http://dbpedia.org/resource/Encore_Capital_Group","0.5"
"http://www.forbes.com/companies/sino-land/","http://dbpedia.org/resource/Sino_Land","1.0"
"http://www.forbes.com/companies/brenntag/","http://dbpedia.org/resource/Brenntag","1.0"
"http://www.forbes.com/companies/cameco/","http://dbpedia.org/resource/Cameco","1.0"
"http://www.forbes.com/companies/bta-bank/","http://dbpedia.org/resource/BTA_Bank","1.0"
"http://www.forbes.com/companies/weichai-power/","http://dbpedia.org/resource/Weichai_Power","1.0"
"http://www.forbes.com/companies/news-corp/","http://dbpedia.org/resource/News_Corp","1.0"
"http://www.forbes.com/companies/eon/","http://dbpedia.org/resource/E.ON_Russia","0.6666666666666666"
"http://www.forbes.com/companies/china-hongqiao-group/","http://dbpedia.org/resource/China_Huaneng_Group","0.5"
"http://www.forbes.com/companies/bs-financial-group/","http://dbpedia.org/resource/Automotive_Financial_Group","0.5"
"http://www.forbes.com/companies/inner-mongolia-baotou-steel/","http://dbpedia.org/resource/Baotou_Steel","0.5"
"http://www.forbes.com/companies/public-power/","http://dbpedia.org/resource/American_Public_Power_Association","0.5"
"http://www.forbes.com/companies/richemont/","http://dbpedia.org/resource/Richemont","1.0"
"http://www.forbes.com/companies/nintendo/","http://dbpedia.org/resource/Nintendo","1.0"
"http://www.forbes.com/companies/siam-commercial-bank/","http://dbpedia.org/resource/Siam_Commercial_Bank","1.0"
"http://www.forbes.com/companies/national-australia-bank/","http://dbpedia.org/resource/Mars_National_Bank","0.5"
"http://www.forbes.com/companies/iliad/","http://dbpedia.org/resource/Iliad_(company)","0.5"
"http://www.forbes.com/companies/bank-of-america/","http://dbpedia.org/resource/Bank_of_Beijing","0.5"
"http://www.forbes.com/companies/staples/","http://dbpedia.org/resource/Staples_Inc.","0.5"
"http://www.forbes.com/companies/petronas-chemicals/","http://dbpedia.org/resource/Petronas","0.5"
"http://www.forbes.com/companies/china-railway-construction/","http://dbpedia.org/resource/China_Railway_Construction_Corporation","0.75"
"http://www.forbes.com/companies/marathon-petroleum/","http://dbpedia.org/resource/Marathon_Petroleum","1.0"
"http://www.forbes.com/companies/gas-natural-fenosa/","http://dbpedia.org/resource/Piedmont_Natural_Gas","0.5"
"http://www.forbes.com/companies/naspers/","http://dbpedia.org/resource/Naspers","1.0"
"http://www.forbes.com/companies/want-want-china/","http://dbpedia.org/resource/Want_Want_China","1.0"
"http://www.forbes.com/companies/microsoft/","http://dbpedia.org/resource/Microsoft","1.0"
"http://www.forbes.com/companies/western-refining/","http://dbpedia.org/resource/Western_Refining","1.0"
"http://www.forbes.com/companies/moodys/","http://dbpedia.org/resource/Moody's_Analytics","0.6666666666666666"
"http://www.forbes.com/companies/dollar-general/","http://dbpedia.org/resource/Dollar_General","1.0"
"http://www.forbes.com/companies/petrobras/","http://dbpedia.org/resource/Petrobras","1.0"
"http://www.forbes.com/companies/hong-kong-exchanges/","http://dbpedia.org/resource/Hong_Kong_Exchanges_and_Clearing","0.6"
"http://www.forbes.com/companies/sika/","http://dbpedia.org/resource/Sika_AG","0.5"
"http://www.forbes.com/companies/seiko-epson/","http://dbpedia.org/resource/Seiko_Epson","1.0"
"http://www.forbes.com/companies/greentown-china-holdings/","http://dbpedia.org/resource/Greentown_China","0.6666666666666666"
"http://www.forbes.com/companies/hana-financial/","http://dbpedia.org/resource/Automotive_Financial_Group","0.5"
"http://www.forbes.com/companies/nokia/","http://dbpedia.org/resource/Nokia","1.0"
"http://www.forbes.com/companies/qatar-national-bank/","http://dbpedia.org/resource/Mars_National_Bank","0.5"
"http://www.forbes.com/companies/cbs/","http://dbpedia.org/resource/CBS_Outdoor","0.5"
"http://www.forbes.com/companies/prudential/","http://dbpedia.org/resource/Prudential_Financial","0.5"
"http://www.forbes.com/companies/banco-santander/","http://dbpedia.org/resource/Banco_Santander_Totta","0.6666666666666666"
"http://www.forbes.com/companies/bank-of-ireland/","http://dbpedia.org/resource/Bank_of_Beijing","0.5"
"http://www.forbes.com/companies/china-construction-bank/","http://dbpedia.org/resource/China_Construction_Bank","1.0"
"http://www.forbes.com/companies/china-communications-construction/","http://dbpedia.org/resource/China_Communications_Construction","1.0"
"http://www.forbes.com/companies/lg-display/","http://dbpedia.org/resource/LG_Display","1.0"
"http://www.forbes.com/companies/boeing/","http://dbpedia.org/resource/Boeing_Canada","0.5"
"http://www.forbes.com/companies/ping-an-bank/","http://dbpedia.org/resource/Ping_An_Insurance","0.5"
"http://www.forbes.com/companies/pioneer-natural-resources/","http://dbpedia.org/resource/Pioneer_Natural_Resources","1.0"
"http://www.forbes.com/companies/nsk/","http://dbpedia.org/resource/NSK_Ltd.","0.5"
"http://www.forbes.com/companies/integrys-energy/","http://dbpedia.org/resource/Integrys_Energy_Group","1.0"
"http://www.forbes.com/companies/thales/","http://dbpedia.org/resource/Thales_Group","0.5"
"http://www.forbes.com/companies/comcast/","http://dbpedia.org/resource/Comcast_Spectacor","0.5"
"http://www.forbes.com/companies/first-financial-holding/","http://dbpedia.org/resource/Financial_Street_Holding","0.5"
"http://www.forbes.com/companies/national-bank-of-greece/","http://dbpedia.org/resource/National_Bank_of_Bahrain","0.6"
"http://www.forbes.com/companies/cpfl-energia/","http://dbpedia.org/resource/CPFL_Energia","1.0"
"http://www.forbes.com/companies/laurentian-bank/","http://dbpedia.org/resource/Laurentian_Bank_of_Canada","0.5"
"http://www.forbes.com/companies/hanwha-life-insurance/","http://dbpedia.org/resource/Hanwha_Life_Insurance","1.0"
"http://www.forbes.com/companies/jbs/","http://dbpedia.org/resource/JBS_USA","0.5"
"http://www.forbes.com/companies/ambac-financial-group/","http://dbpedia.org/resource/Automotive_Financial_Group","0.5"
"http://www.forbes.com/companies/neste-oil/","http://dbpedia.org/resource/Neste_Oil","1.0"
"http://www.forbes.com/companies/a2a/","http://dbpedia.org/resource/A2A","1.0"
"http://www.forbes.com/companies/berkshire-hathaway/","http://dbpedia.org/resource/Berkshire_Hathaway","1.0"
"http://www.forbes.com/companies/sberbank/","http://dbpedia.org/resource/Sberbank_Srbija","0.5"
"http://www.forbes.com/companies/bank-of-communications/","http://dbpedia.org/resource/Bank_of_Beijing","0.5"
"http://www.forbes.com/companies/parker-hannifin/","http://dbpedia.org/resource/Parker_Hannifin","1.0"
"http://www.forbes.com/companies/shandong-iron-and-steel/","http://dbpedia.org/resource/Hebei_Iron_and_Steel","0.6"
"http://www.forbes.com/companies/etisalat/","http://dbpedia.org/resource/Etisalat_Egypt","0.5"
"http://www.forbes.com/companies/china-taiping-insurance/","http://dbpedia.org/resource/China_Taiping","0.6666666666666666"
"http://www.forbes.com/companies/babcock-international-group/","http://dbpedia.org/resource/Merchant_International_Group","0.5"
"http://www.forbes.com/companies/banca-popolare-dellemilia/","http://dbpedia.org/resource/Banca_Popolare_dell'Emilia_Romagna","0.8"
"http://www.forbes.com/companies/dongfeng-motor-group/","http://dbpedia.org/resource/Dongfeng_Motor","0.6666666666666666"
"http://www.forbes.com/companies/first-niagara-financial/","http://dbpedia.org/resource/First_Calgary_Financial","0.5"
"http://www.forbes.com/companies/anglo-american/","http://dbpedia.org/resource/Anglo_American_plc","0.6666666666666666"
"http://www.forbes.com/companies/oil-gas-development/","http://dbpedia.org/resource/Cabot_Oil_&_Gas","0.5"
"http://www.forbes.com/companies/symantec/","http://dbpedia.org/resource/Symantec","1.0"
"http://www.forbes.com/companies/crown-holdings/","http://dbpedia.org/resource/Crown_Media_Holdings","0.6666666666666666"
"http://www.forbes.com/companies/china-national-materials/","http://dbpedia.org/resource/China_National_Materials_Group_Corporation","0.6"
"http://www.forbes.com/companies/united-overseas-bank/","http://dbpedia.org/resource/United_Overseas_Bank","1.0"
"http://www.forbes.com/companies/carrefour/","http://dbpedia.org/resource/Carrefour_City","0.5"
"http://www.forbes.com/companies/industrial-alliance-insurance/","http://dbpedia.org/resource/Industrial_Alliance","0.6666666666666666"
"http://www.forbes.com/companies/zijin-mining-group/","http://dbpedia.org/resource/Zijin_Mining","0.6666666666666666"
"http://www.forbes.com/companies/coca-cola/","http://dbpedia.org/resource/Coca-Cola_Amatil","0.6666666666666666"
"http://www.forbes.com/companies/bbva-banco-bilbao-vizcaya/","http://dbpedia.org/resource/Banco_Bilbao_Vizcaya_Argentaria","0.6"
"http://www.forbes.com/companies/commercial-international-bank/","http://dbpedia.org/resource/Commercial_Bank_Cameroon","0.5"
"http://www.forbes.com/companies/bancolombia/","http://dbpedia.org/resource/Bancolombia","1.0"
"http://www.forbes.com/companies/wisconsin-energy/","http://dbpedia.org/resource/Wisconsin_Energy_Corporation","0.6666666666666666"
"http://www.forbes.com/companies/admiral-group/","http://dbpedia.org/resource/Rigby_Group_PLC","0.5"
"http://www.forbes.com/companies/kingdom-holding/","http://dbpedia.org/resource/Kingdom_Holding_Company","0.6666666666666666"
"http://www.forbes.com/companies/sime-darby/","http://dbpedia.org/resource/Sime_Darby","1.0"
"http://www.forbes.com/companies/invesco/","http://dbpedia.org/resource/Invesco_PowerShares","0.5"
"http://www.forbes.com/companies/mizrahi-tefahot-bank/","http://dbpedia.org/resource/Bank_Mizrahi-Tefahot","1.0"
"http://www.forbes.com/companies/oriental-bank-of-commerce/","http://dbpedia.org/resource/Bank_of_Commerce","0.75"
"http://www.forbes.com/companies/enel/","http://dbpedia.org/resource/Enel","1.0"
"http://www.forbes.com/companies/teva-pharmaceutical/","http://dbpedia.org/resource/Teva_Pharmaceutical_Industries","0.5"
"http://www.forbes.com/companies/general-electric/","http://dbpedia.org/resource/Canadian_General_Electric","0.6666666666666666"
"http://www.forbes.com/companies/metso/","http://dbpedia.org/resource/Metso","1.0"
"http://www.forbes.com/companies/first-pacific/","http://dbpedia.org/resource/First_Pacific","1.0"
"http://www.forbes.com/companies/fujitsu/","http://dbpedia.org/resource/Fujitsu","1.0"
"http://www.forbes.com/companies/bank-of-ayudhya/","http://dbpedia.org/resource/Bank_of_Beijing","0.5"
"http://www.forbes.com/companies/cgi-group/","http://dbpedia.org/resource/CGI_Group","1.0"
"http://www.forbes.com/companies/ncr/","http://dbpedia.org/resource/NCR_Corporation","0.5"
"http://www.forbes.com/companies/power-finance/","http://dbpedia.org/resource/Power_Finance_Corporation","0.6666666666666666"
"http://www.forbes.com/companies/angang-steel/","http://dbpedia.org/resource/Angang_Steel_Company","0.6666666666666666"
"http://www.forbes.com/companies/zoomlion-heavy-industry/","http://dbpedia.org/resource/Shandong_Heavy_Industry","0.5"
"http://www.forbes.com/companies/kasikornbank/","http://dbpedia.org/resource/Kasikornbank","1.0"
"http://www.forbes.com/companies/swiss-life-holding/","http://dbpedia.org/resource/Swiss_Life","0.6666666666666666"
"http://www.forbes.com/companies/vf/","http://dbpedia.org/resource/VF_Venieri","0.5"
"http://www.forbes.com/companies/keurig-green-mountain/","http://dbpedia.org/resource/Keurig_Green_Mountain","1.0"
"http://www.forbes.com/companies/intact-financial/","http://dbpedia.org/resource/Intact_Financial","1.0"
"http://www.forbes.com/companies/general-growth-properties/","http://dbpedia.org/resource/General_Growth_Properties","1.0"
"http://www.forbes.com/companies/oneok/","http://dbpedia.org/resource/ONEOK","1.0"
"http://www.forbes.com/companies/gpt-group/","http://dbpedia.org/resource/GPT_Group","1.0"
"http://www.forbes.com/companies/atlantia/","http://dbpedia.org/resource/Atlantia_(company)","0.5"
"http://www.forbes.com/companies/sharp/","http://dbpedia.org/resource/Sharp_HealthCare","0.5"
"http://www.forbes.com/companies/target/","http://dbpedia.org/resource/Action_Target","0.5"
"http://www.forbes.com/companies/gazprom/","http://dbpedia.org/resource/Gazprom_Neft","0.5"
"http://www.forbes.com/companies/china-pacific-insurance/","http://dbpedia.org/resource/China_Pacific_Insurance","1.0"
"http://www.forbes.com/companies/workday/","http://dbpedia.org/resource/Workday,_Inc.","1.0"
"http://www.forbes.com/companies/tsingtao-brewery/","http://dbpedia.org/resource/Tsingtao_Brewery","1.0"
"http://www.forbes.com/companies/honda-motor/","http://dbpedia.org/resource/American_Honda_Motor_Company","0.5"
"http://www.forbes.com/companies/molson-coors-brewing/","http://dbpedia.org/resource/Coors_Brewing_Company","0.5"
"http://www.forbes.com/companies/asahi-group-holdings/","http://dbpedia.org/resource/BTS_Group_Holdings","0.5"
"http://www.forbes.com/companies/american-international-group/","http://dbpedia.org/resource/American_Airlines_Group","0.5"
"http://www.forbes.com/companies/cno-financial-group/","http://dbpedia.org/resource/Automotive_Financial_Group","0.5"
"http://www.forbes.com/companies/peoples-united-financial/","http://dbpedia.org/resource/People's_United_Bank","0.6"
"http://www.forbes.com/companies/baywa/","http://dbpedia.org/resource/BayWa","1.0"
"http://www.forbes.com/companies/cemig/","http://dbpedia.org/resource/CEMIG","1.0"
"http://www.forbes.com/companies/george-weston/","http://dbpedia.org/resource/George_Weston_Limited","0.6666666666666666"
"http://www.forbes.com/companies/meritz-financial-group/","http://dbpedia.org/resource/Automotive_Financial_Group","0.5"
"http://www.forbes.com/companies/bank-of-india/","http://dbpedia.org/resource/Bank_of_Beijing","0.5"
"http://www.forbes.com/companies/bank-of-ningbo/","http://dbpedia.org/resource/Bank_of_Ningbo","1.0"
"http://www.forbes.com/companies/ping-an-insurance/","http://dbpedia.org/resource/Ping_An_Insurance","0.75"
"http://www.forbes.com/companies/cp-all/","http://dbpedia.org/resource/CP_ALL","1.0"
"http://www.forbes.com/companies/standard-chartered/","http://dbpedia.org/resource/Standard_Chartered","1.0"
"http://www.forbes.com/companies/citic-securities/","http://dbpedia.org/resource/CITIC_Securities","1.0"
"http://www.forbes.com/companies/china-merchants-holdings/","http://dbpedia.org/resource/China_Merchants_Holdings_(International)","0.75"
"http://www.forbes.com/companies/silver-wheaton/","http://dbpedia.org/resource/Silver_Wheaton","1.0"
"http://www.forbes.com/companies/alcatel-lucent/","http://dbpedia.org/resource/Alcatel-Lucent","1.0"
"http://www.forbes.com/companies/macys/","http://dbpedia.org/resource/Macy's","1.0"
"http://www.forbes.com/companies/areva/","http://dbpedia.org/resource/Areva","1.0"
"http://www.forbes.com/companies/capgemini/","http://dbpedia.org/resource/Capgemini","1.0"
"http://www.forbes.com/companies/new-york-community/","http://dbpedia.org/resource/New_York_Skyride","0.5"
"http://www.forbes.com/companies/balfour-beatty/","http://dbpedia.org/resource/Balfour_Beatty_Construction","0.6666666666666666"
"http://www.forbes.com/companies/ericsson/","http://dbpedia.org/resource/ST-Ericsson","0.5"
"http://www.forbes.com/companies/itc/","http://dbpedia.org/resource/ITC_Hotels","0.5"
"http://www.forbes.com/companies/china-longyuan-power/","http://dbpedia.org/resource/China_Yangtze_Power","0.5"
"http://www.forbes.com/companies/china-shenhua-energy/","http://dbpedia.org/resource/China_Shenhua_Energy_Company","0.75"
"http://www.forbes.com/companies/sino-ocean-land-holdings/","http://dbpedia.org/resource/Sino-Ocean_Land","0.75"
"http://www.forbes.com/companies/franshion-properties-china/","http://dbpedia.org/resource/Franshion_Properties","0.6666666666666666"
"http://www.forbes.com/companies/kweichow-moutai/","http://dbpedia.org/resource/Kweichow_Moutai_Company","0.6666666666666666"
"http://www.forbes.com/companies/baloise-group/","http://dbpedia.org/resource/B%C3%A2loise","0.5"
"http://www.forbes.com/companies/pembina-pipeline/","http://dbpedia.org/resource/Pembina_Pipeline","1.0"
"http://www.forbes.com/companies/bank-of-nanjing/","http://dbpedia.org/resource/Bank_of_Beijing","0.5"
"http://www.forbes.com/companies/clorox/","http://dbpedia.org/resource/Clorox","1.0"
"http://www.forbes.com/companies/safeway/","http://dbpedia.org/resource/Safeway_(Canada)","0.5"
"http://www.forbes.com/companies/nec/","http://dbpedia.org/resource/NEC","1.0"
"http://www.forbes.com/companies/dongfang-electric/","http://dbpedia.org/resource/Dongfang_Electric","1.0"
"http://www.forbes.com/companies/new-china-life-insurance/","http://dbpedia.org/resource/China_Life_Insurance_Company","0.6"
"http://www.forbes.com/companies/pacific-rubiales-energy/","http://dbpedia.org/resource/Island_Pacific_Energy","0.5"
"http://www.forbes.com/companies/catamaran/","http://dbpedia.org/resource/Catamaran_Corporation","0.5"
"http://www.forbes.com/companies/power-grid-of-india/","http://dbpedia.org/resource/Nuclear_Power_Corporation_of_India","0.5"
"http://www.forbes.com/companies/country-garden-holdings/","http://dbpedia.org/resource/Country_Garden","0.6666666666666666"
"http://www.forbes.com/companies/willis-group-holdings/","http://dbpedia.org/resource/BTS_Group_Holdings","0.5"
"http://www.forbes.com/companies/varian-medical-systems/","http://dbpedia.org/resource/Ventana_Medical_Systems","0.5"
"http://www.forbes.com/companies/hyundai-steel/","http://dbpedia.org/resource/Hyundai_Steel","1.0"
"http://www.forbes.com/companies/harris/","http://dbpedia.org/resource/EC_Harris","0.5"
"http://www.forbes.com/companies/xl-group/","http://dbpedia.org/resource/Destination_XL_Group","0.6666666666666666"
"http://www.forbes.com/companies/newell-rubbermaid/","http://dbpedia.org/resource/Rubbermaid","0.5"
"http://www.forbes.com/companies/bank-of-baroda/","http://dbpedia.org/resource/Bank_of_Beijing","0.5"
"http://www.forbes.com/companies/coal-india/","http://dbpedia.org/resource/Coal_India","1.0"
"http://www.forbes.com/companies/tenaga-nasional/","http://dbpedia.org/resource/Tenaga_Nasional","1.0"
"http://www.forbes.com/companies/pakistan-state-oil/","http://dbpedia.org/resource/Pakistan_State_Oil","1.0"
