"http://www.forbes.com/companies/inditex/","fullcontact_414","1.0"
"http://www.forbes.com/companies/general-motors/","fullcontact_349","1.0"
"http://www.forbes.com/companies/check-point-software/","fullcontact_1570","1.0"
"http://www.forbes.com/companies/metcash/","fullcontact_505","1.0"
"http://www.forbes.com/companies/general-dynamics/","fullcontact_1214","1.0"
"http://www.forbes.com/companies/royal-bank-of-canada/","fullcontact_1765","1.0"
"http://www.forbes.com/companies/citic-pacific/","fullcontact_214","1.0"
"http://www.forbes.com/companies/las-vegas-sands/","fullcontact_643","1.0"
"http://www.forbes.com/companies/standard-chartered/","fullcontact_1297","1.0"
"http://www.forbes.com/companies/united-technologies/","fullcontact_809","1.0"
"http://www.forbes.com/companies/zain/","fullcontact_839","1.0"
"http://www.forbes.com/companies/calpine/","fullcontact_185","1.0"
"http://www.forbes.com/companies/thomas-cook-group/","fullcontact_1859","1.0"
"http://www.forbes.com/companies/weatherford-international/","fullcontact_967","1.0"
"http://www.forbes.com/companies/bankinter/","fullcontact_132","1.0"
"http://www.forbes.com/companies/saint-gobain/","fullcontact_638","1.0"
"http://www.forbes.com/companies/lanxess/","fullcontact_23","1.0"
"http://www.forbes.com/companies/capgemini/","fullcontact_188","1.0"
"http://www.forbes.com/companies/lg-display/","fullcontact_477","1.0"
"http://www.forbes.com/companies/swatch-group/","fullcontact_709","1.0"
"http://www.forbes.com/companies/cliffs-natural-resources/","fullcontact_786","1.0"
"http://www.forbes.com/companies/allianz/","fullcontact_77","1.0"
"http://www.forbes.com/companies/bank-central-asia/","fullcontact_145","1.0"
"http://www.forbes.com/companies/alexion-pharmaceuticals/","fullcontact_805","1.0"
"http://www.forbes.com/companies/lundbergs/","fullcontact_484","1.0"
"http://www.forbes.com/companies/alcatel-lucent/","fullcontact_68","1.0"
"http://www.forbes.com/companies/barclays/","fullcontact_137","1.0"
"http://www.forbes.com/companies/insurance-australia-group/","fullcontact_78","1.0"
"http://www.forbes.com/companies/clariant/","fullcontact_218","1.0"
"http://www.forbes.com/companies/evonik/","fullcontact_5","1.0"
"http://www.forbes.com/companies/affiliated-managers-group/","fullcontact_92","1.0"
"http://www.forbes.com/companies/baidu/","fullcontact_128","1.0"
"http://www.forbes.com/companies/visa/","fullcontact_1247","1.0"
"http://www.forbes.com/companies/saudi-basic-industries/","fullcontact_1631","1.0"
"http://www.forbes.com/companies/wynn-resorts/","fullcontact_831","1.0"
"http://www.forbes.com/companies/broadcom/","fullcontact_171","1.0"
"http://www.forbes.com/companies/arrow-electronics/","fullcontact_873","1.0"
"http://www.forbes.com/companies/verisign/","fullcontact_790","1.0"
"http://www.forbes.com/companies/nrg-energy/","fullcontact_1318","1.0"
"http://www.forbes.com/companies/hollyfrontier/","fullcontact_385","1.0"
"http://www.forbes.com/companies/vallourec/","fullcontact_784","1.0"
"http://www.forbes.com/companies/walt-disney/","fullcontact_1266","1.0"
"http://www.forbes.com/companies/zoetis/","fullcontact_841","1.0"
"http://www.forbes.com/companies/erste-group-bank/","fullcontact_301","1.0"
"http://www.forbes.com/companies/prologis/","fullcontact_603","1.0"
"http://www.forbes.com/companies/falabella/","fullcontact_310","1.0"
"http://www.forbes.com/companies/molson-coors-brewing/","fullcontact_915","1.0"
"http://www.forbes.com/companies/daikin-industries/","fullcontact_1847","1.0"
"http://www.forbes.com/companies/uralkali/","fullcontact_780","1.0"
"http://www.forbes.com/companies/nordstrom/","fullcontact_1446","1.0"
"http://www.forbes.com/companies/isuzu-motors/","fullcontact_718","1.0"
"http://www.forbes.com/companies/british-american-tobacco/","fullcontact_942","1.0"
"http://www.forbes.com/companies/telefonica/","fullcontact_726","1.0"
"http://www.forbes.com/companies/range-resources/","fullcontact_617","1.0"
"http://www.forbes.com/companies/aurubis/","fullcontact_119","1.0"
"http://www.forbes.com/companies/great-wall-technology/","fullcontact_1272","1.0"
"http://www.forbes.com/companies/teva-pharmaceutical/","fullcontact_1495","1.0"
"http://www.forbes.com/companies/community-health-sys/","fullcontact_1652","1.0"
"http://www.forbes.com/companies/flowserve/","fullcontact_322","1.0"
"http://www.forbes.com/companies/maxim-integrated-products/","fullcontact_493","1.0"
"http://www.forbes.com/companies/talisman-energy/","fullcontact_717","1.0"
"http://www.forbes.com/companies/goodyear/","fullcontact_358","1.0"
"http://www.forbes.com/companies/china-mobile/","fullcontact_1234","1.0"
"http://www.forbes.com/companies/chugoku-electric-power/","fullcontact_333","1.0"
"http://www.forbes.com/companies/dicks-sporting-goods/","fullcontact_261","1.0"
"http://www.forbes.com/companies/maxis/","fullcontact_494","1.0"
"http://www.forbes.com/companies/essar-energy/","fullcontact_1961","1.0"
"http://www.forbes.com/companies/hcl-technologies/","fullcontact_181","1.0"
"http://www.forbes.com/companies/aetna/","fullcontact_58","1.0"
"http://www.forbes.com/companies/sk-innovation/","fullcontact_788","1.0"
"http://www.forbes.com/companies/intercontinental-hotels/","fullcontact_410","1.0"
"http://www.forbes.com/companies/cgi-group/","fullcontact_838","1.0"
"http://www.forbes.com/companies/saputo/","fullcontact_647","1.0"
"http://www.forbes.com/companies/sistema/","fullcontact_678","1.0"
"http://www.forbes.com/companies/concho-resources/","fullcontact_219","1.0"
"http://www.forbes.com/companies/essilor-international/","fullcontact_1186","1.0"
"http://www.forbes.com/companies/bunzl/","fullcontact_176","1.0"
"http://www.forbes.com/companies/micron-technology/","fullcontact_1947","1.0"
"http://www.forbes.com/companies/aboitiz-equity-ventures/","fullcontact_1454","1.0"
"http://www.forbes.com/companies/coal-india/","fullcontact_135","1.0"
"http://www.forbes.com/companies/asml-holding/","fullcontact_241","1.0"
"http://www.forbes.com/companies/hyprop-investments/","fullcontact_683","1.0"
"http://www.forbes.com/companies/johnson-controls/","fullcontact_443","1.0"
"http://www.forbes.com/companies/wellpoint/","fullcontact_99","1.0"
"http://www.forbes.com/companies/itv/","fullcontact_435","1.0"
"http://www.forbes.com/companies/alpha-bank/","fullcontact_80","1.0"
"http://www.forbes.com/companies/china-taiping-insurance/","fullcontact_1284","1.0"
"http://www.forbes.com/companies/iberdrola/","fullcontact_406","1.0"
"http://www.forbes.com/companies/autoliv/","fullcontact_120","1.0"
"http://www.forbes.com/companies/konica-minolta/","fullcontact_463","1.0"
"http://www.forbes.com/companies/hermes-international/","fullcontact_510","1.0"
"http://www.forbes.com/companies/bank-of-queensland/","fullcontact_162","1.0"
"http://www.forbes.com/companies/securitas/","fullcontact_658","1.0"
"http://www.forbes.com/companies/neste-oil/","fullcontact_533","1.0"
"http://www.forbes.com/companies/dixons-retail/","fullcontact_265","1.0"
"http://www.forbes.com/companies/inter-rao/","fullcontact_424","1.0"
"http://www.forbes.com/companies/cic-group/","fullcontact_1296","1.0"
"http://www.forbes.com/companies/yahoo/","fullcontact_836","1.0"
"http://www.forbes.com/companies/jyske-bank/","fullcontact_22","1.0"
"http://www.forbes.com/companies/central-japan-railway/","fullcontact_1503","1.0"
"http://www.forbes.com/companies/directv/","fullcontact_263","1.0"
"http://www.forbes.com/companies/embraer/","fullcontact_286","1.0"
"http://www.forbes.com/companies/schlumberger/","fullcontact_682","1.0"
"http://www.forbes.com/companies/fukuoka-financial-group/","fullcontact_1009","1.0"
"http://www.forbes.com/companies/komatsu/","fullcontact_461","1.0"
"http://www.forbes.com/companies/boe-technology-group/","fullcontact_1084","1.0"
"http://www.forbes.com/companies/hdfc/","fullcontact_372","1.0"
"http://www.forbes.com/companies/wyndham-worldwide/","fullcontact_830","1.0"
"http://www.forbes.com/companies/windstream/","fullcontact_821","1.0"
"http://www.forbes.com/companies/gannett/","fullcontact_1341","1.0"
"http://www.forbes.com/companies/t-rowe-price/","fullcontact_756","1.0"
"http://www.forbes.com/companies/westfield-group/","fullcontact_815","1.0"
"http://www.forbes.com/companies/zijin-mining-group/","fullcontact_968","1.0"
"http://www.forbes.com/companies/tpk-holding/","fullcontact_1729","1.0"
"http://www.forbes.com/companies/metso/","fullcontact_508","1.0"
"http://www.forbes.com/companies/netapp/","fullcontact_535","1.0"
"http://www.forbes.com/companies/fuji-heavy-industries/","fullcontact_593","1.0"
"http://www.forbes.com/companies/nippon-express/","fullcontact_542","1.0"
"http://www.forbes.com/companies/shire/","fullcontact_667","1.0"
"http://www.forbes.com/companies/ziggo/","fullcontact_840","1.0"
"http://www.forbes.com/companies/verisk-analytics/","fullcontact_926","1.0"
"http://www.forbes.com/companies/sm-investments/","fullcontact_762","1.0"
"http://www.forbes.com/companies/hon-hai-precision/","fullcontact_894","1.0"
"http://www.forbes.com/companies/softbank/","fullcontact_688","1.0"
"http://www.forbes.com/companies/xl-group/","fullcontact_661","1.0"
"http://www.forbes.com/companies/netflix/","fullcontact_536","1.0"
"http://www.forbes.com/companies/seagate-technology/","fullcontact_1022","1.0"
"http://www.forbes.com/companies/capita/","fullcontact_189","1.0"
"http://www.forbes.com/companies/adani-enterprises/","fullcontact_1271","1.0"
"http://www.forbes.com/companies/church-dwight/","fullcontact_212","1.0"
"http://www.forbes.com/companies/baxter-international/","fullcontact_734","1.0"
"http://www.forbes.com/companies/enel/","fullcontact_291","1.0"
"http://www.forbes.com/companies/infineon-technologies/","fullcontact_892","1.0"
"http://www.forbes.com/companies/centurylink/","fullcontact_205","1.0"
"http://www.forbes.com/companies/umicore/","fullcontact_768","1.0"
"http://www.forbes.com/companies/capitaland/","fullcontact_190","1.0"
"http://www.forbes.com/companies/salesforce/","fullcontact_639","1.0"
"http://www.forbes.com/companies/swedbank/","fullcontact_710","1.0"
"http://www.forbes.com/companies/canadian-natural-resources/","fullcontact_296","1.0"
"http://www.forbes.com/companies/signature-bank/","fullcontact_672","1.0"
"http://www.forbes.com/companies/tpv-technology/","fullcontact_511","1.0"
"http://www.forbes.com/companies/tyco-international/","fullcontact_516","1.0"
"http://www.forbes.com/companies/akamai-technologies/","fullcontact_1175","1.0"
"http://www.forbes.com/companies/kpn/","fullcontact_466","1.0"
"http://www.forbes.com/companies/kesko/","fullcontact_453","1.0"
"http://www.forbes.com/companies/sherwin-williams/","fullcontact_663","1.0"
"http://www.forbes.com/companies/dr-horton/","fullcontact_270","1.0"
"http://www.forbes.com/companies/posco/","fullcontact_596","1.0"
"http://www.forbes.com/companies/cvr-energy/","fullcontact_1205","1.0"
"http://www.forbes.com/companies/cr-bard/","fullcontact_236","1.0"
"http://www.forbes.com/companies/nine-entertainment/","fullcontact_1629","1.0"
"http://www.forbes.com/companies/edison-international/","fullcontact_702","1.0"
"http://www.forbes.com/companies/national-australia-bank/","fullcontact_100","1.0"
"http://www.forbes.com/companies/grupo-carso/","fullcontact_366","1.0"
"http://www.forbes.com/companies/gs-holdings/","fullcontact_209","1.0"
"http://www.forbes.com/companies/gemalto/","fullcontact_346","1.0"
"http://www.forbes.com/companies/pfizer/","fullcontact_586","1.0"
"http://www.forbes.com/companies/att/","fullcontact_117","1.0"
"http://www.forbes.com/companies/coca-cola-enterprises/","fullcontact_1533","1.0"
"http://www.forbes.com/companies/baywa/","fullcontact_140","1.0"
"http://www.forbes.com/companies/punjab-national-bank/","fullcontact_527","1.0"
"http://www.forbes.com/companies/generali-group/","fullcontact_348","1.0"
"http://www.forbes.com/companies/grupo-aval/","fullcontact_364","1.0"
"http://www.forbes.com/companies/weyerhaeuser/","fullcontact_816","1.0"
"http://www.forbes.com/companies/ebay/","fullcontact_278","1.0"
"http://www.forbes.com/companies/humana/","fullcontact_402","1.0"
"http://www.forbes.com/companies/shanghai-international-port/","fullcontact_1911","1.0"
"http://www.forbes.com/companies/publicis-groupe/","fullcontact_609","1.0"
"http://www.forbes.com/companies/darden-restaurants/","fullcontact_897","1.0"
"http://www.forbes.com/companies/manila-electric/","fullcontact_1073","1.0"
"http://www.forbes.com/companies/stora-enso/","fullcontact_703","1.0"
"http://www.forbes.com/companies/ecopetrol/","fullcontact_280","1.0"
"http://www.forbes.com/companies/deutsche-bank/","fullcontact_253","1.0"
"http://www.forbes.com/companies/ricoh/","fullcontact_626","1.0"
"http://www.forbes.com/companies/financial-street-holdings/","fullcontact_487","1.0"
"http://www.forbes.com/companies/kla-tencor/","fullcontact_459","1.0"
"http://www.forbes.com/companies/beiersdorf/","fullcontact_147","1.0"
"http://www.forbes.com/companies/compass-group/","fullcontact_227","1.0"
"http://www.forbes.com/companies/advance-auto-parts/","fullcontact_32","1.0"
"http://www.forbes.com/companies/natixis/","fullcontact_528","1.0"
"http://www.forbes.com/companies/novozymes/","fullcontact_550","1.0"
"http://www.forbes.com/companies/nintendo/","fullcontact_541","1.0"
"http://www.forbes.com/companies/oshkosh/","fullcontact_567","1.0"
"http://www.forbes.com/companies/johnson-matthey/","fullcontact_442","1.0"
"http://www.forbes.com/companies/agl-resources/","fullcontact_60","1.0"
"http://www.forbes.com/companies/southwest-airlines/","fullcontact_978","1.0"
"http://www.forbes.com/companies/mylan/","fullcontact_525","1.0"
"http://www.forbes.com/companies/aviva/","fullcontact_124","1.0"
"http://www.forbes.com/companies/mechel/","fullcontact_499","1.0"
"http://www.forbes.com/companies/sk-networks/","fullcontact_1897","1.0"
"http://www.forbes.com/companies/toyota-tsusho/","fullcontact_1422","1.0"
"http://www.forbes.com/companies/smith-nephew/","fullcontact_684","1.0"
"http://www.forbes.com/companies/pandora/","fullcontact_573","1.0"
"http://www.forbes.com/companies/sk-hynix/","fullcontact_681","1.0"
"http://www.forbes.com/companies/cablevision/","fullcontact_182","1.0"
"http://www.forbes.com/companies/cbs/","fullcontact_199","1.0"
"http://www.forbes.com/companies/arkema/","fullcontact_107","1.0"
"http://www.forbes.com/companies/morgan-stanley/","fullcontact_520","1.0"
"http://www.forbes.com/companies/hindustan-petroleum/","fullcontact_381","1.0"
"http://www.forbes.com/companies/daimler/","fullcontact_245","1.0"
"http://www.forbes.com/companies/dte-energy/","fullcontact_832","1.0"
"http://www.forbes.com/companies/conagra-foods/","fullcontact_228","1.0"
"http://www.forbes.com/companies/sasol/","fullcontact_648","1.0"
"http://www.forbes.com/companies/outokumpu/","fullcontact_569","1.0"
"http://www.forbes.com/companies/staples/","fullcontact_698","1.0"
"http://www.forbes.com/companies/best-buy/","fullcontact_148","1.0"
"http://www.forbes.com/companies/tripadvisor/","fullcontact_755","1.0"
"http://www.forbes.com/companies/b-e-aerospace/","fullcontact_1662","1.0"
"http://www.forbes.com/companies/china-communications-construction/","fullcontact_302","1.0"
"http://www.forbes.com/companies/ping-an-bank/","fullcontact_1516","1.0"
"http://www.forbes.com/companies/assa-abloy/","fullcontact_112","1.0"
"http://www.forbes.com/companies/cisco-systems/","fullcontact_264","1.0"
"http://www.forbes.com/companies/marks-spencer/","fullcontact_1734","1.0"
"http://www.forbes.com/companies/japan-tobacco/","fullcontact_1221","1.0"
"http://www.forbes.com/companies/orkla/","fullcontact_566","1.0"
"http://www.forbes.com/companies/fortum/","fullcontact_327","1.0"
"http://www.forbes.com/companies/herbalife/","fullcontact_376","1.0"
"http://www.forbes.com/companies/bank-muscat/","fullcontact_133","1.0"
"http://www.forbes.com/companies/becton-dickinson/","fullcontact_143","1.0"
"http://www.forbes.com/companies/general-mills/","fullcontact_356","1.0"
"http://www.forbes.com/companies/invesco/","fullcontact_429","1.0"
"http://www.forbes.com/companies/world-fuel-services/","fullcontact_1409","1.0"
"http://www.forbes.com/companies/adidas/","fullcontact_54","1.0"
"http://www.forbes.com/companies/holcim/","fullcontact_384","1.0"
"http://www.forbes.com/companies/dish-network/","fullcontact_1281","1.0"
"http://www.forbes.com/companies/central-bank-of-india/","fullcontact_1044","1.0"
"http://www.forbes.com/companies/eni/","fullcontact_293","1.0"
"http://www.forbes.com/companies/ncc-group/","fullcontact_1301","1.0"
"http://www.forbes.com/companies/sanofi/","fullcontact_645","1.0"
"http://www.forbes.com/companies/sime-darby/","fullcontact_675","1.0"
"http://www.forbes.com/companies/inventec/","fullcontact_428","1.0"
"http://www.forbes.com/companies/avis-budget-group/","fullcontact_123","1.0"
"http://www.forbes.com/companies/cathay-financial/","fullcontact_1696","1.0"
"http://www.forbes.com/companies/ashland/","fullcontact_111","1.0"
"http://www.forbes.com/companies/textron/","fullcontact_739","1.0"
"http://www.forbes.com/companies/murata-manufacturing/","fullcontact_1793","1.0"
"http://www.forbes.com/companies/wolseley/","fullcontact_826","1.0"
"http://www.forbes.com/companies/rolls-royce-holdings/","fullcontact_806","1.0"
"http://www.forbes.com/companies/bnp-paribas/","fullcontact_159","1.0"
"http://www.forbes.com/companies/rio-tinto/","fullcontact_627","1.0"
"http://www.forbes.com/companies/harley-davidson/","fullcontact_370","1.0"
"http://www.forbes.com/companies/bank-of-ireland/","fullcontact_136","1.0"
"http://www.forbes.com/companies/banco-santander/","fullcontact_646","1.0"
"http://www.forbes.com/companies/amerisourcebergen/","fullcontact_90","1.0"
"http://www.forbes.com/companies/ericsson/","fullcontact_300","1.0"
"http://www.forbes.com/companies/tractor-supply/","fullcontact_753","1.0"
"http://www.forbes.com/companies/citigroup/","fullcontact_215","1.0"
"http://www.forbes.com/companies/polyus-gold-international/","fullcontact_517","1.0"
"http://www.forbes.com/companies/julius-baer-group/","fullcontact_446","1.0"
"http://www.forbes.com/companies/olam-international/","fullcontact_1743","1.0"
"http://www.forbes.com/companies/praxair/","fullcontact_599","1.0"
"http://www.forbes.com/companies/china-national-chemical/","fullcontact_1479","1.0"
"http://www.forbes.com/companies/centrica/","fullcontact_204","1.0"
"http://www.forbes.com/companies/hindalco-industries/","fullcontact_247","1.0"
"http://www.forbes.com/companies/linkedin/","fullcontact_480","1.0"
"http://www.forbes.com/companies/experian/","fullcontact_308","1.0"
"http://www.forbes.com/companies/united-utilities/","fullcontact_774","1.0"
"http://www.forbes.com/companies/mead-johnson-nutrition/","fullcontact_1813","1.0"
"http://www.forbes.com/companies/maybank/","fullcontact_495","1.0"
"http://www.forbes.com/companies/investec/","fullcontact_430","1.0"
"http://www.forbes.com/companies/tenaga-nasional/","fullcontact_1711","1.0"
"http://www.forbes.com/companies/microchip-technology/","fullcontact_1139","1.0"
"http://www.forbes.com/companies/pepsico/","fullcontact_580","1.0"
"http://www.forbes.com/companies/nelnet/","fullcontact_532","1.0"
"http://www.forbes.com/companies/bbmg/","fullcontact_1","1.0"
"http://www.forbes.com/companies/subsea-7/","fullcontact_706","1.0"
"http://www.forbes.com/companies/boeing/","fullcontact_160","1.0"
"http://www.forbes.com/companies/scripps-networks-interactive/","fullcontact_411","1.0"
"http://www.forbes.com/companies/exelon/","fullcontact_1541","1.0"
"http://www.forbes.com/companies/hilton-worldwide/","fullcontact_39","1.0"
"http://www.forbes.com/companies/vopak/","fullcontact_804","1.0"
"http://www.forbes.com/companies/annaly-capital-management/","fullcontact_740","1.0"
"http://www.forbes.com/companies/byd/","fullcontact_180","1.0"
"http://www.forbes.com/companies/marubeni/","fullcontact_490","1.0"
"http://www.forbes.com/companies/commercial-international-bank/","fullcontact_1129","1.0"
"http://www.forbes.com/companies/anadolu-efes/","fullcontact_95","1.0"
"http://www.forbes.com/companies/ntpc/","fullcontact_553","1.0"
"http://www.forbes.com/companies/bmw-group/","fullcontact_149","1.0"
"http://www.forbes.com/companies/illumina/","fullcontact_412","1.0"
"http://www.forbes.com/companies/ajinomoto/","fullcontact_65","1.0"
"http://www.forbes.com/companies/corporation-bank/","fullcontact_57","1.0"
"http://www.forbes.com/companies/ametek/","fullcontact_91","1.0"
"http://www.forbes.com/companies/schroders/","fullcontact_654","1.0"
"http://www.forbes.com/companies/yum-brands/","fullcontact_243","1.0"
"http://www.forbes.com/companies/chipotle-mexican-grill/","fullcontact_210","1.0"
"http://www.forbes.com/companies/express-scripts/","fullcontact_1534","1.0"
"http://www.forbes.com/companies/vestas-wind-systems/","fullcontact_1579","1.0"
"http://www.forbes.com/companies/crown-castle-international/","fullcontact_1307","1.0"
"http://www.forbes.com/companies/power-corp-of-canada/","fullcontact_142","1.0"
"http://www.forbes.com/companies/alfa-laval/","fullcontact_71","1.0"
"http://www.forbes.com/companies/avnet/","fullcontact_125","1.0"
"http://www.forbes.com/companies/autozone/","fullcontact_121","1.0"
"http://www.forbes.com/companies/texas-instruments/","fullcontact_1649","1.0"
"http://www.forbes.com/companies/vinci/","fullcontact_796","1.0"
"http://www.forbes.com/companies/charter-communications/","fullcontact_860","1.0"
"http://www.forbes.com/companies/twenty-first-century-fox-inc/","fullcontact_1261","1.0"
"http://www.forbes.com/companies/bunge/","fullcontact_175","1.0"
"http://www.forbes.com/companies/comerica/","fullcontact_225","1.0"
"http://www.forbes.com/companies/universal-health/","fullcontact_775","1.0"
"http://www.forbes.com/companies/canara-bank/","fullcontact_187","1.0"
"http://www.forbes.com/companies/total/","fullcontact_749","1.0"
"http://www.forbes.com/companies/cnp-assurances/","fullcontact_221","1.0"
"http://www.forbes.com/companies/cj-cheiljedang/","fullcontact_217","1.0"
"http://www.forbes.com/companies/american-electric/","fullcontact_97","1.0"
"http://www.forbes.com/companies/almarai/","fullcontact_79","1.0"
"http://www.forbes.com/companies/galaxy-entertainment/","fullcontact_28","1.0"
"http://www.forbes.com/companies/shiseido/","fullcontact_1943","1.0"
"http://www.forbes.com/companies/workday/","fullcontact_827","1.0"
"http://www.forbes.com/companies/3m/","fullcontact_41","1.0"
"http://www.forbes.com/companies/soho-china/","fullcontact_852","1.0"
"http://www.forbes.com/companies/enbridge/","fullcontact_289","1.0"
"http://www.forbes.com/companies/paychex/","fullcontact_576","1.0"
"http://www.forbes.com/companies/macys/","fullcontact_1275","1.0"
"http://www.forbes.com/companies/principal-financial-group/","fullcontact_601","1.0"
"http://www.forbes.com/companies/scor/","fullcontact_655","1.0"
"http://www.forbes.com/companies/progressive/","fullcontact_602","1.0"
"http://www.forbes.com/companies/standard-life/","fullcontact_1840","1.0"
"http://www.forbes.com/companies/dexia/","fullcontact_259","1.0"
"http://www.forbes.com/companies/gungho-online-entertainment/","fullcontact_1287","1.0"
"http://www.forbes.com/companies/vodafone/","fullcontact_800","1.0"
"http://www.forbes.com/companies/bs-financial-group/","fullcontact_842","1.0"
"http://www.forbes.com/companies/sap/","fullcontact_884","1.0"
"http://www.forbes.com/companies/dassault-aviation/","fullcontact_40","1.0"
"http://www.forbes.com/companies/luxottica-group/","fullcontact_1276","1.0"
"http://www.forbes.com/companies/american-water-works/","fullcontact_664","1.0"
"http://www.forbes.com/companies/rhb-capital/","fullcontact_1458","1.0"
"http://www.forbes.com/companies/rexel/","fullcontact_623","1.0"
"http://www.forbes.com/companies/xcel-energy/","fullcontact_810","1.0"
"http://www.forbes.com/companies/pakistan-state-oil/","fullcontact_752","1.0"
"http://www.forbes.com/companies/mercuries-associates/","fullcontact_1408","1.0"
"http://www.forbes.com/companies/link-reit/","fullcontact_1352","1.0"
"http://www.forbes.com/companies/bidvest-group/","fullcontact_152","1.0"
"http://www.forbes.com/companies/liberty-interactive/","fullcontact_992","1.0"
"http://www.forbes.com/companies/century-tokyo-leasing/","fullcontact_996","1.0"
"http://www.forbes.com/companies/caixabank/","fullcontact_184","1.0"
"http://www.forbes.com/companies/emirates-integrated-telecom/","fullcontact_433","1.0"
"http://www.forbes.com/companies/thomson-reuters/","fullcontact_35","1.0"
"http://www.forbes.com/companies/target/","fullcontact_1291","1.0"
"http://www.forbes.com/companies/turkish-airlines/","fullcontact_760","1.0"
"http://www.forbes.com/companies/solvay/","fullcontact_691","1.0"
"http://www.forbes.com/companies/rockwell-collins/","fullcontact_630","1.0"
"http://www.forbes.com/companies/intesa-sanpaolo/","fullcontact_425","1.0"
"http://www.forbes.com/companies/verbund/","fullcontact_789","1.0"
"http://www.forbes.com/companies/sodexo/","fullcontact_687","1.0"
"http://www.forbes.com/companies/pentair/","fullcontact_579","1.0"
"http://www.forbes.com/companies/hang-lung-group/","fullcontact_904","1.0"
"http://www.forbes.com/companies/delek-group/","fullcontact_255","1.0"
"http://www.forbes.com/companies/industrial-bank/","fullcontact_415","1.0"
"http://www.forbes.com/companies/crescent-point-energy/","fullcontact_239","1.0"
"http://www.forbes.com/companies/china-international-marine/","fullcontact_1768","1.0"
"http://www.forbes.com/companies/mitsubishi-electric/","fullcontact_514","1.0"
"http://www.forbes.com/companies/st-engineering/","fullcontact_294","1.0"
"http://www.forbes.com/companies/g4s/","fullcontact_336","1.0"
"http://www.forbes.com/companies/public-service-enterprise/","fullcontact_1963","1.0"
"http://www.forbes.com/companies/tesla-motors/","fullcontact_1846","1.0"
"http://www.forbes.com/companies/henry-schein/","fullcontact_375","1.0"
"http://www.forbes.com/companies/stanley-black-decker/","fullcontact_697","1.0"
"http://www.forbes.com/companies/pearson/","fullcontact_578","1.0"
"http://www.forbes.com/companies/intouch-holdings/","fullcontact_1235","1.0"
"http://www.forbes.com/companies/danske-bank/","fullcontact_249","1.0"
"http://www.forbes.com/companies/kansas-city-southern/","fullcontact_694","1.0"
"http://www.forbes.com/companies/gazprom/","fullcontact_342","1.0"
"http://www.forbes.com/companies/hammerson/","fullcontact_369","1.0"
"http://www.forbes.com/companies/coloplast/","fullcontact_224","1.0"
"http://www.forbes.com/companies/kinnevik/","fullcontact_457","1.0"
"http://www.forbes.com/companies/ingersoll-rand/","fullcontact_4","1.0"
"http://www.forbes.com/companies/pbf-energy/","fullcontact_208","1.0"
"http://www.forbes.com/companies/rwe-group/","fullcontact_633","1.0"
"http://www.forbes.com/companies/bankia/","fullcontact_131","1.0"
"http://www.forbes.com/companies/etisalat/","fullcontact_303","1.0"
"http://www.forbes.com/companies/bank-of-america/","fullcontact_455","1.0"
"http://www.forbes.com/companies/public-storage/","fullcontact_610","1.0"
"http://www.forbes.com/companies/china-life-insurance/","fullcontact_1848","1.0"
"http://www.forbes.com/companies/swisscom/","fullcontact_711","1.0"
"http://www.forbes.com/companies/allergan/","fullcontact_75","1.0"
"http://www.forbes.com/companies/ecolab/","fullcontact_279","1.0"
"http://www.forbes.com/companies/bok-financial/","fullcontact_962","1.0"
"http://www.forbes.com/companies/borgwarner/","fullcontact_1478","1.0"
"http://www.forbes.com/companies/randstad-holding/","fullcontact_616","1.0"
"http://www.forbes.com/companies/kotak-mahindra-bank/","fullcontact_464","1.0"
"http://www.forbes.com/companies/hexagon/","fullcontact_19","1.0"
"http://www.forbes.com/companies/inchcape/","fullcontact_413","1.0"
"http://www.forbes.com/companies/vale/","fullcontact_783","1.0"
"http://www.forbes.com/companies/banco-de-sabadell/","fullcontact_1448","1.0"
"http://www.forbes.com/companies/hitachi/","fullcontact_382","1.0"
"http://www.forbes.com/companies/reliance-industries/","fullcontact_7","1.0"
"http://www.forbes.com/companies/sabmiller/","fullcontact_635","1.0"
"http://www.forbes.com/companies/philips/","fullcontact_588","1.0"
"http://www.forbes.com/companies/parker-hannifin/","fullcontact_574","1.0"
"http://www.forbes.com/companies/consol-energy/","fullcontact_1253","1.0"
"http://www.forbes.com/companies/arca-continental/","fullcontact_105","1.0"
"http://www.forbes.com/companies/assurant/","fullcontact_113","1.0"
"http://www.forbes.com/companies/arab-banking/","fullcontact_482","1.0"
"http://www.forbes.com/companies/coach/","fullcontact_38","1.0"
"http://www.forbes.com/companies/schindler-holding/","fullcontact_652","1.0"
"http://www.forbes.com/companies/new-york-community/","fullcontact_1127","1.0"
"http://www.forbes.com/companies/china-national-materials/","fullcontact_103","1.0"
"http://www.forbes.com/companies/fraport/","fullcontact_329","1.0"
"http://www.forbes.com/companies/astrazeneca/","fullcontact_114","1.0"
"http://www.forbes.com/companies/gilead-sciences/","fullcontact_1498","1.0"
"http://www.forbes.com/companies/pernod-ricard/","fullcontact_29","1.0"
"http://www.forbes.com/companies/manpower/","fullcontact_486","1.0"
"http://www.forbes.com/companies/csr/","fullcontact_242","1.0"
"http://www.forbes.com/companies/mapfre/","fullcontact_488","1.0"
"http://www.forbes.com/companies/nissan-motor/","fullcontact_1836","1.0"
"http://www.forbes.com/companies/starwood-hotels/","fullcontact_700","1.0"
"http://www.forbes.com/companies/danone/","fullcontact_248","1.0"
"http://www.forbes.com/companies/western-union/","fullcontact_814","1.0"
"http://www.forbes.com/companies/american-airlines-group/","fullcontact_1496","1.0"
"http://www.forbes.com/companies/bayer/","fullcontact_139","1.0"
"http://www.forbes.com/companies/equity-residential/","fullcontact_299","1.0"
"http://www.forbes.com/companies/sika/","fullcontact_673","1.0"
"http://www.forbes.com/companies/novatek/","fullcontact_549","1.0"
"http://www.forbes.com/companies/alliance-data-systems/","fullcontact_952","1.0"
"http://www.forbes.com/companies/google/","fullcontact_919","1.0"
"http://www.forbes.com/companies/te-connectivity/","fullcontact_721","1.0"
"http://www.forbes.com/companies/acciona/","fullcontact_49","1.0"
"http://www.forbes.com/companies/kuwait-projects/","fullcontact_1211","1.0"
"http://www.forbes.com/companies/prysmian/","fullcontact_608","1.0"
"http://www.forbes.com/companies/cathay-pacific/","fullcontact_597","1.0"
"http://www.forbes.com/companies/agilent-technologies/","fullcontact_416","1.0"
"http://www.forbes.com/companies/cemig/","fullcontact_1611","1.0"
"http://www.forbes.com/companies/tesco/","fullcontact_737","1.0"
"http://www.forbes.com/companies/varian-medical-systems/","fullcontact_110","1.0"
"http://www.forbes.com/companies/whitbread/","fullcontact_818","1.0"
"http://www.forbes.com/companies/taiwan-cooperative-financial/","fullcontact_934","1.0"
"http://www.forbes.com/companies/caterpillar/","fullcontact_197","1.0"
"http://www.forbes.com/companies/alcoa/","fullcontact_69","1.0"
"http://www.forbes.com/companies/health-care-reit/","fullcontact_1776","1.0"
"http://www.forbes.com/companies/oneok/","fullcontact_559","1.0"
"http://www.forbes.com/companies/andritz/","fullcontact_96","1.0"
"http://www.forbes.com/companies/tata-motors/","fullcontact_738","1.0"
"http://www.forbes.com/companies/johnson-johnson/","fullcontact_498","1.0"
"http://www.forbes.com/companies/raytheon/","fullcontact_619","1.0"
"http://www.forbes.com/companies/areva/","fullcontact_106","1.0"
"http://www.forbes.com/companies/ikb-deutsche/","fullcontact_258","1.0"
"http://www.forbes.com/companies/motorola-solutions/","fullcontact_522","1.0"
"http://www.forbes.com/companies/cez-group/","fullcontact_158","1.0"
"http://www.forbes.com/companies/skanska/","fullcontact_679","1.0"
"http://www.forbes.com/companies/siemens/","fullcontact_670","1.0"
"http://www.forbes.com/companies/onex/","fullcontact_560","1.0"
"http://www.forbes.com/companies/sandisk/","fullcontact_642","1.0"
"http://www.forbes.com/companies/heidelbergcement/","fullcontact_373","1.0"
"http://www.forbes.com/companies/dp-world/","fullcontact_269","1.0"
"http://www.forbes.com/companies/telstra/","fullcontact_730","1.0"
"http://www.forbes.com/companies/facebook/","fullcontact_309","1.0"
"http://www.forbes.com/companies/devon-energy/","fullcontact_1881","1.0"
"http://www.forbes.com/companies/interactive-brokers-group/","fullcontact_970","1.0"
"http://www.forbes.com/companies/taiwan-mobile/","fullcontact_716","1.0"
"http://www.forbes.com/companies/vmware/","fullcontact_799","1.0"
"http://www.forbes.com/companies/wendel/","fullcontact_813","1.0"
"http://www.forbes.com/companies/metlife/","fullcontact_506","1.0"
"http://www.forbes.com/companies/renesas-electronics/","fullcontact_476","1.0"
"http://www.forbes.com/companies/time-warner-cable/","fullcontact_743","1.0"
"http://www.forbes.com/companies/steinhoff-international/","fullcontact_458","1.0"
"http://www.forbes.com/companies/twitter/","fullcontact_761","1.0"
"http://www.forbes.com/companies/melco-crown-entertainment/","fullcontact_183","1.0"
"http://www.forbes.com/companies/bp/","fullcontact_166","1.0"
"http://www.forbes.com/companies/nikon/","fullcontact_540","1.0"
"http://www.forbes.com/companies/cencosud/","fullcontact_203","1.0"
"http://www.forbes.com/companies/rockwell-automation/","fullcontact_629","1.0"
"http://www.forbes.com/companies/henan-shuanghui-investment/","fullcontact_537","1.0"
"http://www.forbes.com/companies/prada/","fullcontact_598","1.0"
"http://www.forbes.com/companies/cosan/","fullcontact_233","1.0"
"http://www.forbes.com/companies/basf/","fullcontact_138","1.0"
"http://www.forbes.com/companies/silver-wheaton/","fullcontact_674","1.0"
"http://www.forbes.com/companies/hudson-city-bancorp/","fullcontact_1447","1.0"
"http://www.forbes.com/companies/hellenic-petroleum/","fullcontact_1819","1.0"
"http://www.forbes.com/companies/ameriprise-financial/","fullcontact_1195","1.0"
"http://www.forbes.com/companies/kbc-group/","fullcontact_1886","1.0"
"http://www.forbes.com/companies/popular/","fullcontact_594","1.0"
"http://www.forbes.com/companies/volkswagen-group/","fullcontact_802","1.0"
"http://www.forbes.com/companies/carlsberg/","fullcontact_193","1.0"
"http://www.forbes.com/companies/partnerre/","fullcontact_575","1.0"
"http://www.forbes.com/companies/state-bank-of-india/","fullcontact_1467","1.0"
"http://www.forbes.com/companies/cme-group/","fullcontact_1336","1.0"
"http://www.forbes.com/companies/fiserv/","fullcontact_321","1.0"
"http://www.forbes.com/companies/shoprite-holdings/","fullcontact_1310","1.0"
"http://www.forbes.com/companies/fonciere-des-regions/","fullcontact_325","1.0"
"http://www.forbes.com/companies/avago-technologies/","fullcontact_1781","1.0"
"http://www.forbes.com/companies/united-parcel-service/","fullcontact_779","1.0"
"http://www.forbes.com/companies/perrigo/","fullcontact_581","1.0"
"http://www.forbes.com/companies/yamaha-motor/","fullcontact_1251","1.0"
"http://www.forbes.com/companies/microsoft/","fullcontact_512","1.0"
"http://www.forbes.com/companies/peugeot/","fullcontact_585","1.0"
"http://www.forbes.com/companies/first-pacific/","fullcontact_198","1.0"
"http://www.forbes.com/companies/origin-energy/","fullcontact_1007","1.0"
"http://www.forbes.com/companies/nasdaq-omx-group/","fullcontact_526","1.0"
"http://www.forbes.com/companies/eutelsat-communications/","fullcontact_1585","1.0"
"http://www.forbes.com/companies/first-gulf-bank/","fullcontact_1043","1.0"
"http://www.forbes.com/companies/air-liquide/","fullcontact_64","1.0"
"http://www.forbes.com/companies/rogers-communications/","fullcontact_1568","1.0"
"http://www.forbes.com/companies/juniper-networks/","fullcontact_1321","1.0"
"http://www.forbes.com/companies/alstom/","fullcontact_81","1.0"
"http://www.forbes.com/companies/infosys/","fullcontact_418","1.0"
"http://www.forbes.com/companies/abbvie/","fullcontact_44","1.0"
"http://www.forbes.com/companies/geberit/","fullcontact_345","1.0"
"http://www.forbes.com/companies/swiss-re/","fullcontact_712","1.0"
"http://www.forbes.com/companies/beam/","fullcontact_1196","1.0"
"http://www.forbes.com/companies/fmc-technologies/","fullcontact_1691","1.0"
"http://www.forbes.com/companies/tenet-healthcare/","fullcontact_662","1.0"
"http://www.forbes.com/companies/crh/","fullcontact_240","1.0"
"http://www.forbes.com/companies/fastenal/","fullcontact_312","1.0"
"http://www.forbes.com/companies/olympus/","fullcontact_557","1.0"
"http://www.forbes.com/companies/abb/","fullcontact_43","1.0"
"http://www.forbes.com/companies/garmin/","fullcontact_340","1.0"
"http://www.forbes.com/companies/renault/","fullcontact_17","1.0"
"http://www.forbes.com/companies/priceline/","fullcontact_600","1.0"
"http://www.forbes.com/companies/keurig-green-mountain/","fullcontact_1277","1.0"
"http://www.forbes.com/companies/deutsche-lufthansa/","fullcontact_483","1.0"
"http://www.forbes.com/companies/goldcorp/","fullcontact_357","1.0"
"http://www.forbes.com/companies/yara-international/","fullcontact_1383","1.0"
"http://www.forbes.com/companies/fast-retailing/","fullcontact_313","1.0"
"http://www.forbes.com/companies/zenith-bank/","fullcontact_1345","1.0"
"http://www.forbes.com/companies/firstenergy/","fullcontact_319","1.0"
"http://www.forbes.com/companies/singtel/","fullcontact_20","1.0"
"http://www.forbes.com/companies/cf-industries-holdings/","fullcontact_1218","1.0"
"http://www.forbes.com/companies/aareal-bank/","fullcontact_42","1.0"
"http://www.forbes.com/companies/huaneng-power-international/","fullcontact_420","1.0"
"http://www.forbes.com/companies/shimizu/","fullcontact_665","1.0"
"http://www.forbes.com/companies/dollar-general/","fullcontact_1172","1.0"
"http://www.forbes.com/companies/mediatek/","fullcontact_501","1.0"
"http://www.forbes.com/companies/vivendi/","fullcontact_798","1.0"
"http://www.forbes.com/companies/unum-group/","fullcontact_1061","1.0"
"http://www.forbes.com/companies/nitto-denko/","fullcontact_544","1.0"
"http://www.forbes.com/companies/seadrill/","fullcontact_657","1.0"
"http://www.forbes.com/companies/entergy/","fullcontact_295","1.0"
"http://www.forbes.com/companies/credit-agricole/","fullcontact_238","1.0"
"http://www.forbes.com/companies/suning-appliance/","fullcontact_1839","1.0"
"http://www.forbes.com/companies/grupo-televisa/","fullcontact_729","1.0"
"http://www.forbes.com/companies/nabors-industries/","fullcontact_1895","1.0"
"http://www.forbes.com/companies/transcanada/","fullcontact_754","1.0"
"http://www.forbes.com/companies/technip/","fullcontact_722","1.0"
"http://www.forbes.com/companies/acer/","fullcontact_52","1.0"
"http://www.forbes.com/companies/avon-products/","fullcontact_1282","1.0"
"http://www.forbes.com/companies/sun-pharma-industries/","fullcontact_1059","1.0"
"http://www.forbes.com/companies/first-republic-bank/","fullcontact_320","1.0"
"http://www.forbes.com/companies/fresenius/","fullcontact_330","1.0"
"http://www.forbes.com/companies/j-front-retailing/","fullcontact_438","1.0"
"http://www.forbes.com/companies/hewlett-packard/","fullcontact_389","1.0"
"http://www.forbes.com/companies/international-paper/","fullcontact_1746","1.0"
"http://www.forbes.com/companies/general-electric/","fullcontact_343","1.0"
"http://www.forbes.com/companies/hainan-airlines/","fullcontact_772","1.0"
"http://www.forbes.com/companies/cst-brands/","fullcontact_1416","1.0"
"http://www.forbes.com/companies/wells-fargo/","fullcontact_812","1.0"
"http://www.forbes.com/companies/raiffeisen-bank-international/","fullcontact_943","1.0"
"http://www.forbes.com/companies/uniqa/","fullcontact_771","1.0"
"http://www.forbes.com/companies/home-depot/","fullcontact_386","1.0"
"http://www.forbes.com/companies/carrefour/","fullcontact_196","1.0"
"http://www.forbes.com/companies/simon-property-group/","fullcontact_676","1.0"
"http://www.forbes.com/companies/prudential-financial/","fullcontact_607","1.0"
"http://www.forbes.com/companies/shinsei-bank/","fullcontact_666","1.0"
"http://www.forbes.com/companies/statoil/","fullcontact_701","1.0"
"http://www.forbes.com/companies/quanta-services/","fullcontact_479","1.0"
"http://www.forbes.com/companies/richemont/","fullcontact_625","1.0"
"http://www.forbes.com/companies/ubs/","fullcontact_765","1.0"
"http://www.forbes.com/companies/heineken-holding/","fullcontact_741","1.0"
"http://www.forbes.com/companies/tullow-oil/","fullcontact_758","1.0"
"http://www.forbes.com/companies/gkn/","fullcontact_355","1.0"
"http://www.forbes.com/companies/zodiac-aerospace/","fullcontact_144","1.0"
"http://www.forbes.com/companies/metro-inc/","fullcontact_507","1.0"
"http://www.forbes.com/companies/caesars-entertainment/","fullcontact_1795","1.0"
"http://www.forbes.com/companies/bank-of-beijing/","fullcontact_1527","1.0"
"http://www.forbes.com/companies/citrix-systems/","fullcontact_288","1.0"
"http://www.forbes.com/companies/whole-foods-market/","fullcontact_708","1.0"
"http://www.forbes.com/companies/diageo/","fullcontact_260","1.0"
"http://www.forbes.com/companies/oceaneering-international/","fullcontact_1823","1.0"
"http://www.forbes.com/companies/repsol-ypf/","fullcontact_622","1.0"
"http://www.forbes.com/companies/intuit/","fullcontact_426","1.0"
"http://www.forbes.com/companies/western-digital/","fullcontact_1123","1.0"
"http://www.forbes.com/companies/ventas/","fullcontact_787","1.0"
"http://www.forbes.com/companies/chesapeake-energy/","fullcontact_1316","1.0"
"http://www.forbes.com/companies/everest-re-group/","fullcontact_306","1.0"
"http://www.forbes.com/companies/paccar/","fullcontact_570","1.0"
"http://www.forbes.com/companies/bancolombia/","fullcontact_365","1.0"
"http://www.forbes.com/companies/nvidia/","fullcontact_555","1.0"
"http://www.forbes.com/companies/stmicroelectronics/","fullcontact_695","1.0"
"http://www.forbes.com/companies/ingram-micro/","fullcontact_419","1.0"
"http://www.forbes.com/companies/uco-bank/","fullcontact_909","1.0"
"http://www.forbes.com/companies/boston-scientific/","fullcontact_164","1.0"
"http://www.forbes.com/companies/bouygues/","fullcontact_165","1.0"
"http://www.forbes.com/companies/cemex/","fullcontact_202","1.0"
"http://www.forbes.com/companies/ibm/","fullcontact_407","1.0"
"http://www.forbes.com/companies/orica/","fullcontact_564","1.0"
"http://www.forbes.com/companies/lukoil/","fullcontact_1342","1.0"
"http://www.forbes.com/companies/eisai/","fullcontact_283","1.0"
"http://www.forbes.com/companies/fujitsu/","fullcontact_335","1.0"
"http://www.forbes.com/companies/aramark/","fullcontact_104","1.0"
"http://www.forbes.com/companies/brookfield-asset-management/","fullcontact_172","1.0"
"http://www.forbes.com/companies/electrolux-group/","fullcontact_284","1.0"
"http://www.forbes.com/companies/unilever/","fullcontact_770","1.0"
"http://www.forbes.com/companies/joy-global/","fullcontact_444","1.0"
"http://www.forbes.com/companies/king-digital-entertainment/","fullcontact_1072","1.0"
"http://www.forbes.com/companies/dassault-systemes/","fullcontact_251","1.0"
"http://www.forbes.com/companies/franshion-properties-china/","fullcontact_1150","1.0"
"http://www.forbes.com/companies/intuitive-surgical/","fullcontact_427","1.0"
"http://www.forbes.com/companies/mega-financial-holding/","fullcontact_1280","1.0"
"http://www.forbes.com/companies/foot-locker/","fullcontact_326","1.0"
"http://www.forbes.com/companies/hugo-boss/","fullcontact_401","1.0"
"http://www.forbes.com/companies/tyson-foods/","fullcontact_763","1.0"
"http://www.forbes.com/companies/easyjet/","fullcontact_276","1.0"
"http://www.forbes.com/companies/cj-corp/","fullcontact_1480","1.0"
"http://www.forbes.com/companies/resona-holdings/","fullcontact_680","1.0"
"http://www.forbes.com/companies/icbc/","fullcontact_408","1.0"
"http://www.forbes.com/companies/imperial-tobacco-group/","fullcontact_1428","1.0"
"http://www.forbes.com/companies/edf/","fullcontact_281","1.0"
"http://www.forbes.com/companies/smiths-group/","fullcontact_685","1.0"
"http://www.forbes.com/companies/accenture/","fullcontact_48","1.0"
"http://www.forbes.com/companies/ambank-group/","fullcontact_84","1.0"
"http://www.forbes.com/companies/bhp-billiton/","fullcontact_151","1.0"
"http://www.forbes.com/companies/arch-capital-group/","fullcontact_344","1.0"
"http://www.forbes.com/companies/halliburton/","fullcontact_368","1.0"
"http://www.forbes.com/companies/wolters-kluwer/","fullcontact_37","1.0"
"http://www.forbes.com/companies/hikvision/","fullcontact_379","1.0"
"http://www.forbes.com/companies/sekisui-chemical/","fullcontact_275","1.0"
"http://www.forbes.com/companies/samsung-heavy-inds/","fullcontact_882","1.0"
"http://www.forbes.com/companies/duke-energy/","fullcontact_577","1.0"
"http://www.forbes.com/companies/bt-group/","fullcontact_1476","1.0"
"http://www.forbes.com/companies/nisource/","fullcontact_543","1.0"
"http://www.forbes.com/companies/telus/","fullcontact_731","1.0"
"http://www.forbes.com/companies/strabag/","fullcontact_704","1.0"
"http://www.forbes.com/companies/akbank/","fullcontact_66","1.0"
"http://www.forbes.com/companies/innolux/","fullcontact_421","1.0"
"http://www.forbes.com/companies/conocophillips/","fullcontact_230","1.0"
"http://www.forbes.com/companies/givaudan/","fullcontact_353","1.0"
"http://www.forbes.com/companies/constellation-brands/","fullcontact_422","1.0"
"http://www.forbes.com/companies/rosneft/","fullcontact_631","1.0"
"http://www.forbes.com/companies/lig-insurance/","fullcontact_1077","1.0"
"http://www.forbes.com/companies/reynolds-american/","fullcontact_1238","1.0"
"http://www.forbes.com/companies/aegon/","fullcontact_56","1.0"
"http://www.forbes.com/companies/amgen/","fullcontact_93","1.0"
"http://www.forbes.com/companies/hong-kong-exchanges/","fullcontact_1078","1.0"
"http://www.forbes.com/companies/wpp/","fullcontact_828","1.0"
"http://www.forbes.com/companies/waste-management/","fullcontact_1292","1.0"
"http://www.forbes.com/companies/china-coal-energy/","fullcontact_273","1.0"
"http://www.forbes.com/companies/taiwan-business-bank/","fullcontact_1054","1.0"
"http://www.forbes.com/companies/odakyu-electric-railway/","fullcontact_587","1.0"
"http://www.forbes.com/companies/dongbu-insurance/","fullcontact_1343","1.0"
"http://www.forbes.com/companies/adobe-systems/","fullcontact_127","1.0"
"http://www.forbes.com/companies/henkel/","fullcontact_374","1.0"
"http://www.forbes.com/companies/american-international-group/","fullcontact_592","1.0"
"http://www.forbes.com/companies/kao-corp/","fullcontact_612","1.0"
"http://www.forbes.com/companies/sinopec-engineering-group/","fullcontact_1327","1.0"
"http://www.forbes.com/companies/equifax/","fullcontact_298","1.0"
"http://www.forbes.com/companies/glencore-international/","fullcontact_1263","1.0"
"http://www.forbes.com/companies/abbott-laboratories/","fullcontact_332","1.0"
"http://www.forbes.com/companies/talanx/","fullcontact_25","1.0"
"http://www.forbes.com/companies/schneider-electric/","fullcontact_653","1.0"
"http://www.forbes.com/companies/ppg-industries/","fullcontact_1883","1.0"
"http://www.forbes.com/companies/monsanto/","fullcontact_518","1.0"
"http://www.forbes.com/companies/hyundai-engineering/","fullcontact_67","1.0"
"http://www.forbes.com/companies/valeant-pharmaceuticals/","fullcontact_53","1.0"
"http://www.forbes.com/companies/forest-laboratories/","fullcontact_1592","1.0"
"http://www.forbes.com/companies/petsmart/","fullcontact_584","1.0"
"http://www.forbes.com/companies/ahli-united-bank/","fullcontact_27","1.0"
"http://www.forbes.com/companies/toyota-boshoku/","fullcontact_751","1.0"
"http://www.forbes.com/companies/ohl-group/","fullcontact_2","1.0"
"http://www.forbes.com/companies/viacom/","fullcontact_1295","1.0"
"http://www.forbes.com/companies/abengoa/","fullcontact_45","1.0"
"http://www.forbes.com/companies/american-financial-group/","fullcontact_896","1.0"
"http://www.forbes.com/companies/unibail-rodamco/","fullcontact_769","1.0"
"http://www.forbes.com/companies/bridgestone/","fullcontact_170","1.0"
"http://www.forbes.com/companies/bristol-myers-squibb/","fullcontact_157","1.0"
"http://www.forbes.com/companies/whirlpool/","fullcontact_817","1.0"
"http://www.forbes.com/companies/finmeccanica/","fullcontact_318","1.0"
"http://www.forbes.com/companies/deutsche-post/","fullcontact_727","1.0"
"http://www.forbes.com/companies/genting/","fullcontact_350","1.0"
"http://www.forbes.com/companies/mitsubishi-estate/","fullcontact_1589","1.0"
"http://www.forbes.com/companies/ch-robinson-worldwide/","fullcontact_1260","1.0"
"http://www.forbes.com/companies/xilinx/","fullcontact_835","1.0"
"http://www.forbes.com/companies/standard-bank-group/","fullcontact_696","1.0"
"http://www.forbes.com/companies/braskem/","fullcontact_168","1.0"
"http://www.forbes.com/companies/hyundai-steel/","fullcontact_405","1.0"
"http://www.forbes.com/companies/israel-corp/","fullcontact_432","1.0"
"http://www.forbes.com/companies/asustek-computer/","fullcontact_1089","1.0"
"http://www.forbes.com/companies/td-bank-group/","fullcontact_776","1.0"
"http://www.forbes.com/companies/china-resources-enterprise/","fullcontact_1596","1.0"
"http://www.forbes.com/companies/amazon/","fullcontact_83","1.0"
"http://www.forbes.com/companies/agrium/","fullcontact_61","1.0"
"http://www.forbes.com/companies/carmax/","fullcontact_194","1.0"
"http://www.forbes.com/companies/vimpelcom/","fullcontact_795","1.0"
"http://www.forbes.com/companies/bed-bath-beyond/","fullcontact_146","1.0"
"http://www.forbes.com/companies/industries-qatar/","fullcontact_1075","1.0"
"http://www.forbes.com/companies/brenntag/","fullcontact_169","1.0"
"http://www.forbes.com/companies/sanlam/","fullcontact_644","1.0"
"http://www.forbes.com/companies/voestalpine/","fullcontact_801","1.0"
"http://www.forbes.com/companies/portugal-telecom/","fullcontact_1890","1.0"
"http://www.forbes.com/companies/northern-trust/","fullcontact_1274","1.0"
"http://www.forbes.com/companies/ww-grainger/","fullcontact_1491","1.0"
"http://www.forbes.com/companies/petro-rabigh/","fullcontact_583","1.0"
"http://www.forbes.com/companies/tim-hortons/","fullcontact_745","1.0"
"http://www.forbes.com/companies/ubi-banca/","fullcontact_764","1.0"
"http://www.forbes.com/companies/kia-motors/","fullcontact_1787","1.0"
"http://www.forbes.com/companies/jardine-matheson/","fullcontact_436","1.0"
"http://www.forbes.com/companies/old-republic-international/","fullcontact_434","1.0"
"http://www.forbes.com/companies/safeway/","fullcontact_636","1.0"
"http://www.forbes.com/companies/prudential/","fullcontact_1322","1.0"
"http://www.forbes.com/companies/xerox/","fullcontact_833","1.0"
"http://www.forbes.com/companies/golden-agri-resources/","fullcontact_98","1.0"
"http://www.forbes.com/companies/atlas-copco/","fullcontact_116","1.0"
"http://www.forbes.com/companies/medtronic/","fullcontact_502","1.0"
"http://www.forbes.com/companies/unitedhealth-group/","fullcontact_773","1.0"
"http://www.forbes.com/companies/brown-forman/","fullcontact_173","1.0"
"http://www.forbes.com/companies/linear-technology/","fullcontact_94","1.0"
"http://www.forbes.com/companies/tele2/","fullcontact_725","1.0"
"http://www.forbes.com/companies/singapore-airlines/","fullcontact_677","1.0"
"http://www.forbes.com/companies/bilfinger/","fullcontact_153","1.0"
"http://www.forbes.com/companies/bae-systems/","fullcontact_1376","1.0"
"http://www.forbes.com/companies/aia-group/","fullcontact_1033","1.0"
"http://www.forbes.com/companies/asm-international-nv/","fullcontact_1226","1.0"
"http://www.forbes.com/companies/apple/","fullcontact_102","1.0"
"http://www.forbes.com/companies/ambac-financial-group/","fullcontact_618","1.0"
"http://www.forbes.com/companies/aflac/","fullcontact_59","1.0"
"http://www.forbes.com/companies/global-logistic-properties/","fullcontact_352","1.0"
"http://www.forbes.com/companies/aberdeen-asset-management/","fullcontact_46","1.0"
"http://www.forbes.com/companies/hyosung/","fullcontact_404","1.0"
"http://www.forbes.com/companies/thermo-fisher-scientific/","fullcontact_1278","1.0"
"http://www.forbes.com/companies/teck-resources/","fullcontact_229","1.0"
"http://www.forbes.com/companies/liberbank/","fullcontact_24","1.0"
"http://www.forbes.com/companies/penske-automotive/","fullcontact_1676","1.0"
"http://www.forbes.com/companies/salzgitter/","fullcontact_640","1.0"
"http://www.forbes.com/companies/tdc/","fullcontact_719","1.0"
"http://www.forbes.com/companies/bbt/","fullcontact_141","1.0"
"http://www.forbes.com/companies/doosan/","fullcontact_267","1.0"
"http://www.forbes.com/companies/aryzta/","fullcontact_109","1.0"
"http://www.forbes.com/companies/abertis/","fullcontact_47","1.0"
"http://www.forbes.com/companies/eurazeo/","fullcontact_304","1.0"
"http://www.forbes.com/companies/cognizant-technology/","fullcontact_864","1.0"
"http://www.forbes.com/companies/mastercard/","fullcontact_491","1.0"
"http://www.forbes.com/companies/deutsche-telekom/","fullcontact_9","1.0"
"http://www.forbes.com/companies/sse/","fullcontact_34","1.0"
"http://www.forbes.com/companies/lyondellbasell-industries/","fullcontact_485","1.0"
"http://www.forbes.com/companies/tenaris/","fullcontact_732","1.0"
"http://www.forbes.com/companies/amdocs/","fullcontact_86","1.0"
"http://www.forbes.com/companies/syngenta/","fullcontact_714","1.0"
"http://www.forbes.com/companies/philip-morris-international/","fullcontact_820","1.0"
"http://www.forbes.com/companies/pirelli-c/","fullcontact_590","1.0"
"http://www.forbes.com/companies/allahabad-bank/","fullcontact_72","1.0"
"http://www.forbes.com/companies/kajima/","fullcontact_448","1.0"
"http://www.forbes.com/companies/babcock-international-group/","fullcontact_1945","1.0"
"http://www.forbes.com/companies/jm-smucker/","fullcontact_441","1.0"
"http://www.forbes.com/companies/rakuten/","fullcontact_615","1.0"
"http://www.forbes.com/companies/attijariwafa-bank/","fullcontact_118","1.0"
"http://www.forbes.com/companies/blackrock/","fullcontact_156","1.0"
"http://www.forbes.com/companies/grupo-acs/","fullcontact_363","1.0"
"http://www.forbes.com/companies/mitsubishi-ufj-lease/","fullcontact_515","1.0"
"http://www.forbes.com/companies/china-railway-construction/","fullcontact_26","1.0"
"http://www.forbes.com/companies/kering/","fullcontact_452","1.0"
"http://www.forbes.com/companies/gjensidige-forsikring/","fullcontact_354","1.0"
"http://www.forbes.com/companies/telekom-indonesia/","fullcontact_257","1.0"
"http://www.forbes.com/companies/carnival/","fullcontact_195","1.0"
"http://www.forbes.com/companies/legrand/","fullcontact_474","1.0"
"http://www.forbes.com/companies/huishang-bank-corporation-limited/","fullcontact_456","1.0"
"http://www.forbes.com/companies/societe-generale/","fullcontact_686","1.0"
"http://www.forbes.com/companies/bg-group/","fullcontact_115","1.0"
"http://www.forbes.com/companies/nike/","fullcontact_539","1.0"
"http://www.forbes.com/companies/merck-co/","fullcontact_923","1.0"
